-- Users
INSERT INTO User (user_id, first_name, last_name, email, password_hash, phone_number, role) VALUES ('633e2f4a-ff23-48f6-bc7e-54791a340205', 'Benjamin', 'Fisher', 'sonya11@example.org', '10dd48e63c58c28a100723d6768dc0b3a6076ec0630d6b5e2d34a4aba38c48af', '667.295.7604', 'guest');
INSERT INTO User (user_id, first_name, last_name, email, password_hash, phone_number, role) VALUES ('6fbbbb24-289a-4f03-81f0-290b251367fe', 'Kenneth', 'Kim', 'zvargas@example.com', '0d3fd1e515aecf4ed09f89e6214aba8ca0b8a67ad78bcb4cb73ed2b35409f800', '2934484713', 'admin');
INSERT INTO User (user_id, first_name, last_name, email, password_hash, phone_number, role) VALUES ('6fddd631-9907-4e98-b386-ee289e608b6e', 'Ashley', 'Hutchinson', 'joetran@example.com', 'c82566b594bcbd6cf3bbfd06c4cf4815abc4e85346a84b207931b29c8a5fbf27', '9024999792', 'guest');
INSERT INTO User (user_id, first_name, last_name, email, password_hash, phone_number, role) VALUES ('ecefec55-f3d5-4557-add0-118358a787e7', 'James', 'Espinoza', 'nicolehall@example.com', '1ebbc2495007a943b3831bb4563a5a28e8b1b07b1ed99e8b7f59853d278481e3', '5968183414', 'host');
INSERT INTO User (user_id, first_name, last_name, email, password_hash, phone_number, role) VALUES ('e947c218-92af-4ebd-90e3-0d28225daf18', 'Diana', 'Navarro', 'thompsonstephanie@example.org', '0f3c2f3a515f5a0774c9017cb93de506b5558fdd4ffa9428d3d5aa3602e87ed0', '222-691-9352', 'admin');
INSERT INTO User (user_id, first_name, last_name, email, password_hash, phone_number, role) VALUES ('7448dfad-6c98-4fd7-9768-034663cd8988', 'Ana', 'Hill', 'wvargas@example.net', '72ba8a523af48b94417f2a58f7b077bc2700bba27b166c385d8419af11d63de2', '+1-478-430-9688x2870', 'guest');
INSERT INTO User (user_id, first_name, last_name, email, password_hash, phone_number, role) VALUES ('99f8570b-48d5-4dae-89e3-d3edb5100e08', 'Joanna', 'Owen', 'shortautumn@example.net', 'fc1fcb5fde0a74f41b6582006d316027dbb12d864e8e98b867a8a78b354ec53d', '953.775.2428', 'guest');
INSERT INTO User (user_id, first_name, last_name, email, password_hash, phone_number, role) VALUES ('80f8d936-bdf0-44d8-ad76-5d04ef596fb4', 'Mike', 'Acevedo', 'patrickmorales@example.org', 'bad6152f1e528ff3ab916e1babdf19084c36c033b0edf25dbf52215decf4bf29', '931-932-0487', 'admin');
INSERT INTO User (user_id, first_name, last_name, email, password_hash, phone_number, role) VALUES ('0773e5d3-b12e-42aa-9f3d-4d65d879cebb', 'Mary', 'Hernandez', 'cwu@example.net', 'be05b4a9cf9ad1984a1337c51fc4b39cb4c66085ec0f850d21afc4851c376743', '568.447.9838', 'guest');
INSERT INTO User (user_id, first_name, last_name, email, password_hash, phone_number, role) VALUES ('9190b182-ca9a-4c1f-ba26-3d1534ebbce7', 'David', 'Foster', 'penny11@example.org', 'c411828bab3d061f62b013078eb5b38562f908e9b0011f6fb1b900f7015e71b5', '001-628-575-7345x283', 'admin');
INSERT INTO User (user_id, first_name, last_name, email, password_hash, phone_number, role) VALUES ('64ba6725-a949-49f4-97e6-c6b9d368ead6', 'Mackenzie', 'Ramos', 'qmiller@example.net', 'b73041c36ee072845feb1320e02e1a785105eabcea7ae1fc762f3750c8bc949a', '407-810-0717', 'guest');
INSERT INTO User (user_id, first_name, last_name, email, password_hash, phone_number, role) VALUES ('2765bcfc-5491-43d4-a499-77d06df32561', 'Heather', 'Dunn', 'melissa32@example.org', '06b66819684ff494ea3df99afdd0808dd15e2edf6e51dbf9f8c436254d873ce0', '(259)989-9292x937', 'host');
INSERT INTO User (user_id, first_name, last_name, email, password_hash, phone_number, role) VALUES ('4edbab6b-f666-4cfb-aed5-3412a198dbaa', 'Alexander', 'Reyes', 'hyoung@example.org', '07d24899f76566d280987555cc12278253f53bbcbd80f0adaf19a272ccac632b', '001-884-451-6943x199', 'admin');
INSERT INTO User (user_id, first_name, last_name, email, password_hash, phone_number, role) VALUES ('5368351f-8218-4750-b248-bc8df3e11092', 'Brittany', 'Hooper', 'ocowan@example.org', '398d3f6a092ac3dec2f69f2ca68d66813e57a9d34579059b9ae3c4f9946dc127', '2715077662', 'guest');
INSERT INTO User (user_id, first_name, last_name, email, password_hash, phone_number, role) VALUES ('29e32e86-2d5b-410c-9aa2-9c766d4b39ed', 'Michele', 'Jones', 'toddalicia@example.org', 'f28251342bd1e639b771405f39396f1bbf2c3ac7b6687e67a22fed87e812b80a', '756.689.0172x164', 'host');
INSERT INTO User (user_id, first_name, last_name, email, password_hash, phone_number, role) VALUES ('f44a8684-63a8-4188-a0db-e315fbb282a2', 'Laura', 'Strickland', 'robert20@example.com', 'fba604747133bf22e6fd524985f4164d82b1d8ee04acef43a34d4b06d88db076', '367-210-1862', 'host');
INSERT INTO User (user_id, first_name, last_name, email, password_hash, phone_number, role) VALUES ('a96e1ba1-0cbb-4296-a30b-f53e7ed600c8', 'Rachel', 'White', 'martin52@example.org', '869f3e2de9a397079223e41379b282875b92d0a4bcd43f7f1bc09e1294510c45', '(343)859-0674x4671', 'admin');
INSERT INTO User (user_id, first_name, last_name, email, password_hash, phone_number, role) VALUES ('00646799-0345-439e-a50d-a80579b49353', 'Andrea', 'Jones', 'mark59@example.org', '3b43edc924067c06a78881f6104f688c3360fef9da66e33ffda0c86ff27a86a5', '+1-587-564-0237x5015', 'guest');
INSERT INTO User (user_id, first_name, last_name, email, password_hash, phone_number, role) VALUES ('50c868f3-e233-4eb9-9ca9-2d6956803a33', 'Eric', 'Randall', 'josephaguilar@example.net', '1a95741809b88ada2886fc18db2870ec6e6723c104e4b59f264183bfb93e903c', '(895)986-6472x6071', 'host');
INSERT INTO User (user_id, first_name, last_name, email, password_hash, phone_number, role) VALUES ('31591fbd-c64c-4c8f-bc09-2a3b39cf3a1c', 'Edwin', 'Pineda', 'blackphillip@example.org', '1c78a0f39b56849ecd7ecc00bd86d159d8f27eba00373921f38745721ff89efd', '(709)340-7090', 'guest');
INSERT INTO User (user_id, first_name, last_name, email, password_hash, phone_number, role) VALUES ('e4078e65-1c9a-4206-8f33-72862d5b1e37', 'Paige', 'Wilkins', 'haley37@example.org', '5e2de8fbbfd165d374ce9c434cf9499c2351bd8469f92afb768040c340e2f990', '(990)618-7312x1755', 'guest');
INSERT INTO User (user_id, first_name, last_name, email, password_hash, phone_number, role) VALUES ('75f874b7-d075-4191-a111-2eda7dbef3df', 'Emily', 'Kim', 'francisco59@example.org', 'c75a801378db91652c7416e51a445bc402f30a8b7c6215b88ba1a4f5f7ea1d1a', '248.338.3931x18392', 'guest');
INSERT INTO User (user_id, first_name, last_name, email, password_hash, phone_number, role) VALUES ('d88d296d-5f2b-48a8-9565-e65361d95c59', 'Jacob', 'Wise', 'matthew64@example.net', '2165152e842157be089ff49a150da3c28938b76aaca5b8a460d03e298df8a807', '791-512-2600', 'admin');
INSERT INTO User (user_id, first_name, last_name, email, password_hash, phone_number, role) VALUES ('b5be5ffd-5e58-419f-84be-a90335274fde', 'James', 'Martinez', 'kevin62@example.net', '9c0b91a55909cace638497caa67da14a1b82a2ce4a8e3a234063c6fd851a6027', '(251)623-0332x26973', 'admin');
INSERT INTO User (user_id, first_name, last_name, email, password_hash, phone_number, role) VALUES ('1fe0c4c2-abff-47d5-aaa3-3e82cf6bbc24', 'Sara', 'Ross', 'lopezjames@example.org', '5c877c2473bb81f1bb046484c8bb4fe823a067f809c334699f88431eab89555b', '(799)351-1881x762', 'host');
INSERT INTO User (user_id, first_name, last_name, email, password_hash, phone_number, role) VALUES ('ee0c60b7-be09-46e5-ae00-eb761a044cfc', 'Zachary', 'Bailey', 'stevensontara@example.org', '82ed7148287e3f85eda18e24c5232b0629f76416c28197630712b93edbcc8853', '(607)893-9956x46664', 'guest');
INSERT INTO User (user_id, first_name, last_name, email, password_hash, phone_number, role) VALUES ('512a8a41-360a-4802-92fa-a6e48b1e5a53', 'Deborah', 'Wise', 'connorhowell@example.net', '67c928c55a90d44cd8e11e94ee3ffa6808350d4beb25bc175ffc1d01dfeb321d', '6258128388', 'host');
INSERT INTO User (user_id, first_name, last_name, email, password_hash, phone_number, role) VALUES ('f0493b8f-799c-4a0a-8e55-067ce274db47', 'Jeffery', 'Blanchard', 'michaelsoto@example.net', '1bc0133ca9684b91a86f222701182786832be63a172ed9bb1ab9f3a7a078a46a', '709.725.1988x4545', 'host');
INSERT INTO User (user_id, first_name, last_name, email, password_hash, phone_number, role) VALUES ('6c1369e8-ca5e-4efb-b463-0b802683378b', 'Jeanne', 'Valencia', 'jacobselizabeth@example.com', '02ad4b51b4d80367cf5f3d78e5ba447598a0935b8de3f60c8ed595d2e5de472a', '5518691877', 'host');
INSERT INTO User (user_id, first_name, last_name, email, password_hash, phone_number, role) VALUES ('92d4042d-0686-45b4-8ad8-58cab1915bd7', 'Ronald', 'Burke', 'gloversue@example.net', '3ca1a9c38988ed223a8222eda4cf0f4734beb641c836aabf2589fe84688c6d8c', '+1-989-841-2153x6167', 'admin');
INSERT INTO User (user_id, first_name, last_name, email, password_hash, phone_number, role) VALUES ('9d9e8833-fa16-4227-8c7d-dffdfb73dbb7', 'Elizabeth', 'Mercer', 'janemoore@example.net', '71bcc8f426c8a77e14689ba4fb3a6df3bf11b80d68176125990ccb38319a2575', '(401)876-0455x342', 'guest');
INSERT INTO User (user_id, first_name, last_name, email, password_hash, phone_number, role) VALUES ('87bb05ad-0630-4c02-a8a2-b86524993cc2', 'Sherry', 'Barker', 'ogreer@example.org', '5793aa440e9335c295518ec2b3f3b8bfdf7ae320daf463a0ed9097290fd45eaa', '360-372-2686', 'host');
INSERT INTO User (user_id, first_name, last_name, email, password_hash, phone_number, role) VALUES ('adb4c34b-d866-4ea8-847a-8c222f951ad2', 'Marissa', 'Guzman', 'melissa59@example.org', '346b3263b88e4a47f2dd972a58e790c8d28f3353772a8d1bbadad2a720347ae9', '+1-579-928-2691x030', 'guest');
INSERT INTO User (user_id, first_name, last_name, email, password_hash, phone_number, role) VALUES ('11888cc0-5bca-43d2-8676-11ee769839f6', 'Adam', 'Johnson', 'benjamin55@example.org', '60af9b87f986bd85ea2eaf4393045cb278388829567bae6e5d65af93eccc1bde', '312.706.2287x1523', 'guest');
INSERT INTO User (user_id, first_name, last_name, email, password_hash, phone_number, role) VALUES ('851a433d-b164-493e-a00d-83399aaf5a2b', 'Mariah', 'Gates', 'karencastillo@example.com', '6a43906d867c970514a4149c335e4ddb7cf64a2f52b47ae25927ca34b7749a1c', '(268)906-0445x25484', 'admin');
INSERT INTO User (user_id, first_name, last_name, email, password_hash, phone_number, role) VALUES ('1c743f2b-5059-45dd-a4e1-8a54baa23d2d', 'Meghan', 'Chen', 'katrina74@example.net', '7681008683ee8ba9ec2f1869eb3be66d07ec3e945313d6dce5e46b9d9b06880d', '(643)466-2017', 'host');
INSERT INTO User (user_id, first_name, last_name, email, password_hash, phone_number, role) VALUES ('a654def0-7531-4446-85b3-0665a98b2ae9', 'Terri', 'Klein', 'durhamdalton@example.net', '8e78740ea40b6ff5134eecd2bca5ea867ca731f52a68c7a8fd69f5beb7bf8708', '+1-740-916-5901x3266', 'admin');
INSERT INTO User (user_id, first_name, last_name, email, password_hash, phone_number, role) VALUES ('8c624138-a41b-4c9d-bd76-a4a1a09759e3', 'Linda', 'Jones', 'leslietucker@example.net', 'cd79cfae39d918fc6c0b0142c3aac0e73281f6a3a6f2ce44311fa49673596e0b', '+1-641-866-7040x182', 'host');
INSERT INTO User (user_id, first_name, last_name, email, password_hash, phone_number, role) VALUES ('fd83fad6-56bd-4a76-8c51-56264fda8f12', 'Linda', 'Martin', 'bharris@example.com', 'deb427c90658241a8b4c3f2d2fd4483a210cccf986c97836bb5c1d9d86d8f71e', '001-450-341-6412x603', 'guest');
INSERT INTO User (user_id, first_name, last_name, email, password_hash, phone_number, role) VALUES ('e039c8e3-9f3d-45a6-b7cc-33d584ce3f37', 'Mary', 'Rhodes', 'amyfernandez@example.org', '8ab7ce4e176ce16325c686569fccd629988f04fa4854cf253552260f95f0b2b8', '681-766-7025', 'guest');
INSERT INTO User (user_id, first_name, last_name, email, password_hash, phone_number, role) VALUES ('a855119a-2181-40c5-b4c8-ff43705c7c76', 'James', 'Estrada', 'kharris@example.org', 'aea94f61924558fef0d0ae90bae5e9cc513a54348225bda1ce0c0aefa26832a1', '(275)722-9745x966', 'guest');
INSERT INTO User (user_id, first_name, last_name, email, password_hash, phone_number, role) VALUES ('a946980e-2449-4bff-89cb-8fe5efe0b918', 'Deanna', 'Lawson', 'hugheschristine@example.net', 'a8780318d1488c3b0571531accba7346bb9e93b10f91af9365f479d064b08f61', '(218)458-2321x66181', 'host');
INSERT INTO User (user_id, first_name, last_name, email, password_hash, phone_number, role) VALUES ('127d7b81-f756-4000-a378-0964e3e20594', 'Alexander', 'Perez', 'twhitaker@example.net', 'c5c0d46715756bbf2c25a35819db061a28601873b45ee9e41e362c54e857d834', '(457)593-9058', 'guest');
INSERT INTO User (user_id, first_name, last_name, email, password_hash, phone_number, role) VALUES ('1646da7a-579d-4bca-b8a1-5a11bbea3914', 'Barry', 'Paul', 'crystalclark@example.com', 'f4707ee03b35a22c87c2bce5292ba1b2d316c0de40f976454118dc584f69a017', '001-689-844-1911', 'guest');
INSERT INTO User (user_id, first_name, last_name, email, password_hash, phone_number, role) VALUES ('23ca642f-baa7-4917-b12b-977dcab589c6', 'Brian', 'Cochran', 'angelaspencer@example.org', 'ae11697a768adcadd883c42cfe592c0e2a482c3777b98e93fdf972cafab2b4d6', '(395)470-0840', 'admin');
INSERT INTO User (user_id, first_name, last_name, email, password_hash, phone_number, role) VALUES ('40f2621c-975d-4ce1-b453-4a1709729464', 'Michelle', 'Tate', 'michaelrobertson@example.org', '3e3ff288e8ef49d44b8e930654e856c695978387f59f8b777ee462638521ef50', '6224540056', 'guest');
INSERT INTO User (user_id, first_name, last_name, email, password_hash, phone_number, role) VALUES ('d07aa4c9-bc56-42b0-a310-24c2c018195d', 'Jennifer', 'Matthews', 'gaustin@example.com', '45634de7642806c02e8905ab0889c9434a32c0f70dbb1f1a218cba14ba6afc92', '214-680-9550', 'admin');
INSERT INTO User (user_id, first_name, last_name, email, password_hash, phone_number, role) VALUES ('0d31acf9-6f99-4c04-9f11-36f0279ea4ac', 'Christina', 'Smith', 'timothyhall@example.net', 'ed712897fd05286d991ac97f3bd58dfa867637f8a950c7a5a92c5f7bdde4edc0', '+1-535-762-9948x7892', 'guest');
INSERT INTO User (user_id, first_name, last_name, email, password_hash, phone_number, role) VALUES ('daec18a6-8018-4921-b36e-1a1dd802e4a8', 'Jason', 'Hill', 'hayescynthia@example.net', 'aa27eb53744d37ce151e13864982974c8b8efce82d1c431a394399c3f34c2712', '995.994.7435x21383', 'admin');
INSERT INTO User (user_id, first_name, last_name, email, password_hash, phone_number, role) VALUES ('29da8720-0317-4dff-9140-e7d13d75de3e', 'Steve', 'Marsh', 'angela10@example.com', '680cbc6b8d7767a668a53545156b300c6e22c752029e227c5c70bae3ed8e9206', '698-824-7851x736', 'guest');
INSERT INTO User (user_id, first_name, last_name, email, password_hash, phone_number, role) VALUES ('f3c5b9a4-6c95-4998-98a4-f5008b923729', 'Frank', 'Stark', 'wmcdaniel@example.net', '662da0257551291d3f0607d55df6e16c96159aa30e2cc43cb55445ebb3f67109', '001-209-489-3968x782', 'admin');
INSERT INTO User (user_id, first_name, last_name, email, password_hash, phone_number, role) VALUES ('c2ff18ad-ed5c-4fb0-a0a3-8d550780a289', 'Anna', 'Palmer', 'howellkenneth@example.org', 'a42f7a8998dd8a13cefccbc9018f201030b3a389920bb57cf5e5f54eab0560af', '518-537-7780x1722', 'host');
INSERT INTO User (user_id, first_name, last_name, email, password_hash, phone_number, role) VALUES ('b43ebf21-c289-40df-a9d9-7ba4a3faa9a7', 'Austin', 'Ray', 'laura32@example.org', '62316c3fec4cdc8217cb0d2ebce61999e1d265e84d4db76170ceb42c2a8295bc', '001-874-425-1073x289', 'guest');
INSERT INTO User (user_id, first_name, last_name, email, password_hash, phone_number, role) VALUES ('524b80d9-120a-4ac0-9eef-7a408943a181', 'Jessica', 'Pugh', 'bradymary@example.org', '12004fa3a51ed0ce9deaa6a181aeffa227e06c04d44c4650999140d8bb50409e', '517.745.2954x9597', 'admin');
INSERT INTO User (user_id, first_name, last_name, email, password_hash, phone_number, role) VALUES ('478ef557-2f93-49b4-8f89-5e4830981d6a', 'Stacey', 'Miller', 'robinsonwesley@example.net', 'f4b06740f775f9b4a401e27be73b39d1fdcde38dc3346a5b90eb5ff59a945a29', '001-228-726-8120x739', 'host');
INSERT INTO User (user_id, first_name, last_name, email, password_hash, phone_number, role) VALUES ('0d33474d-cc99-4c81-904d-33c4b003beda', 'Robert', 'Brown', 'gmontgomery@example.com', '4cad422a3caaa3039f7d5b41ca6ca044df93e3fbd715eca0f040a3e56908762d', '638-936-9187x997', 'host');
INSERT INTO User (user_id, first_name, last_name, email, password_hash, phone_number, role) VALUES ('d7d45eda-bdc6-43d5-866f-e9f0a47cd81c', 'Lori', 'Lee', 'nlambert@example.org', '25c356773c79dd92766f669847e8f058646a150fa9d0bec05ad601d7cddc94b1', '001-405-571-7921x919', 'admin');
INSERT INTO User (user_id, first_name, last_name, email, password_hash, phone_number, role) VALUES ('2fbbafda-89af-4871-a2cb-aed5a3fa10ed', 'Amber', 'Carlson', 'barry08@example.com', '5d81190b8ae0fe9ca7adf634080b1529dc3dde99dd6f9d4b67628c9585384b3e', '001-970-342-6965x454', 'host');
INSERT INTO User (user_id, first_name, last_name, email, password_hash, phone_number, role) VALUES ('d5b49030-8bde-48ed-92e4-526525be8ae3', 'Logan', 'Lutz', 'bushtimothy@example.org', '12f328052e58e0e3ed7eb4c4b277489ecf7bd7d183038b7c11ab32073c8c6329', '+1-808-867-7852x7896', 'admin');
INSERT INTO User (user_id, first_name, last_name, email, password_hash, phone_number, role) VALUES ('9bd2de84-6cf7-4936-9c09-f24ff00db108', 'Darryl', 'Miller', 'danielmedina@example.org', 'cf049d9eef5e18b253a38b856a8739d07066af32c1a6f479949457eb5d49f83b', '200-672-8478x34129', 'admin');
INSERT INTO User (user_id, first_name, last_name, email, password_hash, phone_number, role) VALUES ('6d28d73d-ba75-45c4-948c-fb68bd21edbf', 'Patricia', 'Stein', 'bsteele@example.net', 'bb6649ff1e12eac4f63c04281544fb8df7ebe8f0da7d8d4ddda25f5c3eea2bff', '(458)393-1913x81687', 'host');
INSERT INTO User (user_id, first_name, last_name, email, password_hash, phone_number, role) VALUES ('d22befd8-260a-4b5c-b095-3bb932d051c0', 'Susan', 'Mann', 'ronald51@example.org', '924af36c9ab78a71e79ab5fa974bc8ec05a68ba8ef6b8c6584a7c8b3b33c3480', '(996)574-0682', 'guest');
INSERT INTO User (user_id, first_name, last_name, email, password_hash, phone_number, role) VALUES ('7058bf9b-f9e5-4617-a980-b1ddfae125d6', 'Kelly', 'Cox', 'stacysmith@example.org', '2ca7b2a98a437feb3a703c1a72c34e3df0893f0d990969a4cb3fb8eb5c6dafe0', '001-691-481-8850', 'guest');
INSERT INTO User (user_id, first_name, last_name, email, password_hash, phone_number, role) VALUES ('5f66de6c-bf98-4535-989b-87d1dd561b30', 'Steven', 'Gonzales', 'petermadden@example.net', '05e1820043f7bd716443abc5b647eb5345315a807ce9dacba08c8b33ff55ee07', '318.624.1433x655', 'host');
INSERT INTO User (user_id, first_name, last_name, email, password_hash, phone_number, role) VALUES ('da6b8876-bc9c-41ed-879d-90b80d845b3a', 'Gregory', 'Harvey', 'omiller@example.com', '458a80c1937fe7c5e2ea93c44072a72ca613c836d3d947b53d5b7a401598e43a', '+1-435-875-9571x4701', 'admin');
INSERT INTO User (user_id, first_name, last_name, email, password_hash, phone_number, role) VALUES ('d8f2ed9b-f09b-415b-8cdb-2e0e0a933e67', 'Zachary', 'Barrett', 'monicahaas@example.org', '33bf465e70692fc72a1ae6e757b87433b3aaba2784b13df652625bad95246d51', '492.674.9698', 'host');
INSERT INTO User (user_id, first_name, last_name, email, password_hash, phone_number, role) VALUES ('e613fa5c-50cc-472e-abde-8c96e7be3a4f', 'Craig', 'Singleton', 'murphycrystal@example.org', '1be578041be607c958d04b6f54352c3d871e9575fe0a60aa3a0ad5711e0cece6', '+1-429-761-7289x406', 'guest');
INSERT INTO User (user_id, first_name, last_name, email, password_hash, phone_number, role) VALUES ('4cb60f87-9cb2-43a7-8cc6-513d4e4c8abe', 'Max', 'Santos', 'kaylacole@example.com', '1d18da83eae54fc8bc38bce5bdce137722a917ffeaddeb119ab4a51f91b00001', '+1-872-280-9920x4467', 'guest');
INSERT INTO User (user_id, first_name, last_name, email, password_hash, phone_number, role) VALUES ('00e61863-0072-42b6-a1c1-989d24deaa63', 'Daniel', 'Harrell', 'parktodd@example.net', '39d957acf12e45a1a546d4932e36bc1a415b702e37b53eea847515a67f50e9ea', '+1-992-326-6314x582', 'guest');
INSERT INTO User (user_id, first_name, last_name, email, password_hash, phone_number, role) VALUES ('fbd7610c-d2cd-4921-9c8d-a1452e5e5ec1', 'Jennifer', 'Stout', 'jmerritt@example.com', '24552b5648e3bad861b34eac9d1d0d0ee0eb4a579cd4ba36641ef53a741a82ae', '790-636-3581x967', 'admin');
INSERT INTO User (user_id, first_name, last_name, email, password_hash, phone_number, role) VALUES ('d073b7d9-d6d8-41b1-8989-cf7eb91c55e1', 'Bryan', 'West', 'hoganjohn@example.com', 'f61024cf57a5120211b0abca114d5b0fd036ab253c1243122e88aaf548f6254a', '001-763-957-5112x942', 'admin');
INSERT INTO User (user_id, first_name, last_name, email, password_hash, phone_number, role) VALUES ('e596a721-0171-4788-aa08-c254651bfd02', 'Jose', 'Carter', 'austindavis@example.org', 'ce4531ca232fa71f0ff435b0e5ae656b7d9bd0ebade57f9ef40839f9c3f71cdf', '+1-274-422-5412', 'guest');
INSERT INTO User (user_id, first_name, last_name, email, password_hash, phone_number, role) VALUES ('92c2657c-4929-49ad-bc19-eef4998eda29', 'Michael', 'Flores', 'kathy95@example.net', 'e7cfe3e720f83a7aeaa634aa1adcedae1299bada054b4806eea9d1db492dcb73', '+1-712-597-1709x204', 'guest');
INSERT INTO User (user_id, first_name, last_name, email, password_hash, phone_number, role) VALUES ('79644650-1d9d-4971-85a5-aa308ecd5dbf', 'Veronica', 'Harrington', 'wbarnett@example.com', '890aaa2a4f7b443ae1fd09273058016b4949da5c2cd60fd7a1610384c14ef921', '001-861-915-1266x483', 'guest');
INSERT INTO User (user_id, first_name, last_name, email, password_hash, phone_number, role) VALUES ('acb4d06f-6999-4d2e-beea-cd235acc56cb', 'Kevin', 'Sims', 'yolanda04@example.net', '97f54de5ab306c5e133841be2bde0155d05610436b6f930f21b941172190f04f', '807-349-3338', 'admin');
INSERT INTO User (user_id, first_name, last_name, email, password_hash, phone_number, role) VALUES ('73bd38a3-e70a-45f0-a708-acb49074ce9e', 'Ruth', 'Wright', 'mtaylor@example.net', '7fdcacf8458a76064591e144861c0b13af861a9150dd9f8db7908c93227038e4', '001-254-825-9086', 'guest');
INSERT INTO User (user_id, first_name, last_name, email, password_hash, phone_number, role) VALUES ('45cd000f-9a32-4ca1-9cfb-4e3ba97deaab', 'Heather', 'Young', 'sarahbrady@example.org', 'b854e6c01a8b76090a2a7cc0519b9c9a551239841643c55e0b7e41138f88c491', '001-283-353-2582x170', 'guest');
INSERT INTO User (user_id, first_name, last_name, email, password_hash, phone_number, role) VALUES ('e551787c-ea6e-4ce8-89ed-2976949104ad', 'Virginia', 'White', 'sblack@example.net', '866916e77b5ab8ef74979b2197a63adc62402ecfbb39d6647d5794fc7502390a', '5222398758', 'guest');
INSERT INTO User (user_id, first_name, last_name, email, password_hash, phone_number, role) VALUES ('4ffdff9b-aa6b-48f2-bc1e-4a7e59c1b47e', 'Daniel', 'Frey', 'jacobsantana@example.net', 'b3f57ddab86950dd84aba1666f9d3fd402bd6e4a474e05bff843253f3fb59d53', '+1-368-967-9865x2921', 'admin');
INSERT INTO User (user_id, first_name, last_name, email, password_hash, phone_number, role) VALUES ('9cc5504f-b141-431e-a2d0-59f89b017b3e', 'Christopher', 'Bentley', 'robertsonjeffery@example.net', 'd29391a15e408236da6143cc8e5d0da743bee01af05f6c478f3bfdbf66e8207e', '(615)243-1551', 'host');
INSERT INTO User (user_id, first_name, last_name, email, password_hash, phone_number, role) VALUES ('26c323af-7d51-48e7-b0be-a0731bb1d0dd', 'Mark', 'Griffith', 'keithmelissa@example.org', '43ff211ecbd1f5554a8bac0047ade9db4831148b0b5e44dec7c8b14599798cb9', '883-295-8704', 'guest');
INSERT INTO User (user_id, first_name, last_name, email, password_hash, phone_number, role) VALUES ('ea2b2c37-762e-4e53-943c-1b2ee38ff4be', 'William', 'Hodges', 'jasminewhite@example.net', '537635979ec774d629f87ba8af842e41617c413498d3b88b993ee10329c83993', '8948171819', 'host');
INSERT INTO User (user_id, first_name, last_name, email, password_hash, phone_number, role) VALUES ('77cf5087-91a2-4b6f-bcef-96b004b2a125', 'Robert', 'Sullivan', 'dianeherrera@example.net', '24bd46e9a8ad8b94d40e28618f91465dc13d6070b09a5979a640a003dc02fe5a', '805-252-4176', 'host');
INSERT INTO User (user_id, first_name, last_name, email, password_hash, phone_number, role) VALUES ('9179abad-b552-4a26-ab67-a364a8ed9b56', 'Elizabeth', 'Evans', 'whiteheadaaron@example.net', 'c2aeee5752cc2c3b6f3afc55ad6d678af866da4e78f9048762856fa929306bbd', '001-807-600-9189x502', 'guest');
INSERT INTO User (user_id, first_name, last_name, email, password_hash, phone_number, role) VALUES ('fc21f3b2-0e5c-4721-8f32-c19b0b747ea2', 'Amy', 'Howard', 'rosewhitney@example.com', 'd95cc8cf6ea510c9c8ada7c3d14c31b6f053a4dc18636101d8de4d5a443d991a', '001-788-482-2149x125', 'guest');
INSERT INTO User (user_id, first_name, last_name, email, password_hash, phone_number, role) VALUES ('eafde7e8-110a-4aee-9ebe-4c7c35d86f74', 'Joseph', 'Robles', 'qreed@example.com', '3370170b05bb7850383cb346138a8ceccb870c50339e0975af8fe839584ef04d', '652-255-6526x74542', 'admin');
INSERT INTO User (user_id, first_name, last_name, email, password_hash, phone_number, role) VALUES ('3c2258ed-0e73-4a7f-a125-3aa20038dec5', 'David', 'Willis', 'sbowman@example.net', '1fb1b54504784688bc7b98bd04c156ff2eda6e66ccb5a0ff6060c4cef011e538', '966-578-3945x555', 'guest');
INSERT INTO User (user_id, first_name, last_name, email, password_hash, phone_number, role) VALUES ('2fc7d0a2-9637-4e1f-951d-c6f65028abd7', 'Karla', 'Webb', 'thomaslaura@example.com', 'fc49ed79664743716efb77e00283dd836007ed236dd99e444572583e3d30c394', '(366)326-5427x249', 'admin');
INSERT INTO User (user_id, first_name, last_name, email, password_hash, phone_number, role) VALUES ('6a0d6cb9-d9f9-44d7-b075-34c796645be9', 'Roberto', 'Smith', 'jillian63@example.com', '7a8d559bbb2a97aefc607cf11c82d6dcbb92e485e17aa5891bfeae6f39872b6b', '2507483056', 'host');
INSERT INTO User (user_id, first_name, last_name, email, password_hash, phone_number, role) VALUES ('32c44141-d021-47b5-adda-f363fdfef29a', 'Joseph', 'Mills', 'kelly28@example.net', '97416480d0fd68238114d869a37cc8dc7c4011bb939e1b9d606dff6615650d6c', '+1-839-335-6981', 'host');
INSERT INTO User (user_id, first_name, last_name, email, password_hash, phone_number, role) VALUES ('aa8fc159-a7bf-4d48-a730-4981c7b2e4d6', 'Ryan', 'Howard', 'jeremiahwhite@example.com', '4bfe03da59fba5577b8c9e40ef41c133dfa16051e26eeedd17497b80e59b1cff', '833-884-5055', 'host');
INSERT INTO User (user_id, first_name, last_name, email, password_hash, phone_number, role) VALUES ('39404a89-89a4-4638-9320-a44ec995073e', 'Erin', 'Griffin', 'ycontreras@example.net', 'e23bbe84529f9d2dd495e771350f49fa89dd518c22c9fa1a511c8018d85c1587', '934-601-8734x9353', 'host');
INSERT INTO User (user_id, first_name, last_name, email, password_hash, phone_number, role) VALUES ('d2638c93-ed22-4f8f-9a40-ab904a3fadfb', 'Michael', 'Williams', 'yarellano@example.net', '709d7be2522586963598abeeb0d004cedc81e2208d63086f344f741226923dc1', '+1-807-567-8529x9705', 'host');
INSERT INTO User (user_id, first_name, last_name, email, password_hash, phone_number, role) VALUES ('366f2739-c10d-4bb1-b389-dcce1960fcf0', 'Angelica', 'Day', 'amanda57@example.com', '94fc3f3f147ed40319dd4534aab74fc3d547c785c5dc0e213bdf15457f058d0b', '224.538.8246', 'guest');
INSERT INTO User (user_id, first_name, last_name, email, password_hash, phone_number, role) VALUES ('f680ddaf-9301-433c-a89a-dc3418017722', 'Dustin', 'Sloan', 'seanbailey@example.net', '2ac6c2153fd6b27098c45bea3981277f905a2554a8fbe1acf175951301f95cff', '(539)291-7054', 'host');
INSERT INTO User (user_id, first_name, last_name, email, password_hash, phone_number, role) VALUES ('d4b7905b-9da4-495b-befa-4c5603076481', 'Henry', 'Gibson', 'kathryn94@example.com', '0eb210a02979439aeb44b25d430f461954d47b845244656d999b4ac19303e402', '8006526746', 'host');
INSERT INTO User (user_id, first_name, last_name, email, password_hash, phone_number, role) VALUES ('2fa5c0a5-06ee-4b0c-8966-30f52e4848e7', 'Richard', 'Smith', 'yhoward@example.org', '1bb8a5922dd1b3154d689c1d541caea0f177827f26dfe0c62ae1657ab352060e', '001-214-240-7213x982', 'guest');
INSERT INTO User (user_id, first_name, last_name, email, password_hash, phone_number, role) VALUES ('cf5587d7-ffdc-40f6-8ffe-492f41168dcd', 'Jamie', 'Mccarthy', 'angela90@example.net', 'f1ed0f73e7b893e153ff2f52cc4c006a2e9501b1e7c3d8822a68a336ebd16354', '(387)834-4031x366', 'guest');
INSERT INTO User (user_id, first_name, last_name, email, password_hash, phone_number, role) VALUES ('1c5d95b9-3dfb-4209-a82f-1151fb3c5971', 'David', 'Spears', 'savagesean@example.com', 'b8796176f054a21b97f5f5905af1d8281235ebd61ce8247ea761b33aa1aaa87d', '8028573145', 'admin');
INSERT INTO User (user_id, first_name, last_name, email, password_hash, phone_number, role) VALUES ('52aba5d0-2dd6-4865-8002-ca6fd5e36052', 'Donald', 'Lowe', 'watsonjason@example.net', '5ce5feaa0cc0d59ee54b34dddb51881a7e411ff718966ffe23105dbb85c053de', '001-415-375-1855x363', 'admin');
INSERT INTO User (user_id, first_name, last_name, email, password_hash, phone_number, role) VALUES ('799803c1-7acd-42c5-9241-cd1168f4ab0b', 'Heather', 'Melton', 'oconnorrachel@example.org', 'ab56a02b7b7cdb6dcca32c5030753783ec8270f8a375acec3e777070dc085bcd', '332-414-4435x21511', 'host');
INSERT INTO User (user_id, first_name, last_name, email, password_hash, phone_number, role) VALUES ('c3d558b2-a498-4d88-8a45-e1f77fa1000f', 'Jonathan', 'Roberts', 'ryan49@example.org', 'f8c00711f3640495f953b8a43e3c11cd491f8446b23139cbc89488d2d2698ec7', '385-395-8789x72298', 'guest');
INSERT INTO User (user_id, first_name, last_name, email, password_hash, phone_number, role) VALUES ('434b03e3-cc66-47f1-96b1-7f30ecfd8377', 'Luke', 'Murphy', 'trandarryl@example.com', '014dbcd18e67ab034c1376facb70ae925d14e62c26f8f8dad454c946e412b539', '+1-824-920-5497x176', 'admin');
INSERT INTO User (user_id, first_name, last_name, email, password_hash, phone_number, role) VALUES ('01b07c24-a93b-4020-a8e4-1664ca1c2d58', 'Kylie', 'Reyes', 'gregory62@example.org', 'dbcacbed44df1375c7e5572ee16a02e5466f59bb0e397032525c6cf34ea367a9', '261-417-3767', 'guest');
INSERT INTO User (user_id, first_name, last_name, email, password_hash, phone_number, role) VALUES ('2873468a-ffe2-4aff-b043-0c225f16c70f', 'Carlos', 'Peters', 'sotochristopher@example.net', 'bd7fe983aa05c1cf8140cd8b7e33d64dac1e5f33e38e54a789b7f9800bad7c94', '204.823.7737x020', 'guest');
INSERT INTO User (user_id, first_name, last_name, email, password_hash, phone_number, role) VALUES ('56980766-7519-4af8-963b-88e36d87a7bd', 'John', 'Miller', 'emejia@example.com', '9341aec9088a68cc203ddbaa6fbd20764f3a2c3fa81026bdf795db9d2fee5b91', '389-975-9485', 'host');
INSERT INTO User (user_id, first_name, last_name, email, password_hash, phone_number, role) VALUES ('fb99d514-f6a1-4702-a88b-a67985a524f0', 'Molly', 'Smith', 'jacksonamber@example.org', '980b1cc3b5aa4910747b06665b8e8059b02cec6cf2788d98b9cbe71299211c4d', '466.309.9482x60110', 'guest');
INSERT INTO User (user_id, first_name, last_name, email, password_hash, phone_number, role) VALUES ('5bde86b1-c29c-45b8-abcf-cca7f88926bc', 'Joseph', 'Watts', 'phillipsvalerie@example.com', '6a1003737b03e15ada2744d4e9afe2fb78de4839c6ca09a5aa690b5d87b35cc3', '951.502.4290x389', 'guest');
INSERT INTO User (user_id, first_name, last_name, email, password_hash, phone_number, role) VALUES ('753a662a-8b56-4a9b-86ad-91677ad5c8e3', 'Emma', 'Hahn', 'jfuller@example.net', '57d1d1396079a8966f62592ce14f3e0439665d62b38243e370f62c4a81821012', '(827)336-9270', 'admin');
INSERT INTO User (user_id, first_name, last_name, email, password_hash, phone_number, role) VALUES ('d9d186af-e0ae-4c7a-bfe7-1385e4df0ca0', 'Rebecca', 'Black', 'nramirez@example.net', '36cb0aefe3206664989da8744d835d0b2d73ad0f761174bec8bf4bc09b5d6aa3', '001-503-900-3595x021', 'guest');
INSERT INTO User (user_id, first_name, last_name, email, password_hash, phone_number, role) VALUES ('4109d8c4-0e57-4781-a254-e519875991b3', 'Steven', 'Spencer', 'igarza@example.net', '8bab3725713a208499eea2cac768bba94026c7d4063b6d03b1e99746ca4381f8', '+1-895-727-2883', 'host');
INSERT INTO User (user_id, first_name, last_name, email, password_hash, phone_number, role) VALUES ('b4ae33a9-92ae-4bbb-98ea-56b47c7f8afc', 'Maria', 'Sullivan', 'michaeloliver@example.org', '956d7fc00e0246644342a2c6f111dba8412eac45719d83c7b1acb6d5d3eb7f79', '690.965.3429x00492', 'host');
INSERT INTO User (user_id, first_name, last_name, email, password_hash, phone_number, role) VALUES ('d3447025-4e8f-403a-a2c0-ef53e7883372', 'Lindsey', 'Cochran', 'gregorywilliamson@example.com', '24d092b17f07f3171dae287b741578f0cf1b37c26a0f73250fd6f8c7ef7c212c', '846.253.7441x374', 'guest');
INSERT INTO User (user_id, first_name, last_name, email, password_hash, phone_number, role) VALUES ('7a061410-7f22-4d23-8f1f-a32a43a40c40', 'Philip', 'White', 'kturner@example.com', '4837d7d3258dfbaad8622a66a4be3f297486cd92d9096cb4446f54d9133a585e', '297.613.2692x137', 'host');
INSERT INTO User (user_id, first_name, last_name, email, password_hash, phone_number, role) VALUES ('1a9a696e-d1a3-467c-985b-a0ede83d271c', 'Adam', 'Lamb', 'foleychad@example.org', '7cde52fa64529a67332e29377e933dc0b5c680b75ba8b82983355b3383651072', '936.840.5546', 'host');
INSERT INTO User (user_id, first_name, last_name, email, password_hash, phone_number, role) VALUES ('418c97e1-5b38-4905-a3ee-9fbfc292727c', 'Anthony', 'Watts', 'singletonscott@example.net', '12a63c79554a602e4ccd916d44545865adbf0abd5af099c5a31f89477a5edaca', '(598)333-0310x5585', 'guest');
INSERT INTO User (user_id, first_name, last_name, email, password_hash, phone_number, role) VALUES ('33b440a5-796d-42e0-a4d0-435ea5308201', 'Julie', 'Fischer', 'jeremy43@example.org', '4f1e04588532032593f8221193b5b4229e95fe363c749f3b881d03a76c63d1e4', '5555267356', 'admin');
INSERT INTO User (user_id, first_name, last_name, email, password_hash, phone_number, role) VALUES ('907dfb4d-756d-4838-ad88-7b7c42e9053d', 'Elizabeth', 'Baker', 'jacksonharold@example.com', 'dc5a77c6ab880fbc32745a0f7bebc83ce7fe98a15acc20667ef648839b9703f3', '856.285.0925', 'admin');
INSERT INTO User (user_id, first_name, last_name, email, password_hash, phone_number, role) VALUES ('561241df-0b36-46bc-bc7b-e6e3aeccc468', 'Elizabeth', 'Day', 'aguilarmario@example.net', 'd8b523a978955d6c2f24c62f66f8623340bca2b5dc02488e8746fbf58ea0700b', '+1-528-767-3678x2505', 'admin');
INSERT INTO User (user_id, first_name, last_name, email, password_hash, phone_number, role) VALUES ('9d848583-0e57-427e-8ebe-0e81343b5171', 'Michael', 'Torres', 'christina42@example.com', 'f2b3585b4d3ce808fb7274c5db9469e490afb284172f0e4edcba55cd815b97c6', '2672258878', 'guest');
INSERT INTO User (user_id, first_name, last_name, email, password_hash, phone_number, role) VALUES ('4454fcdd-ba4a-447d-8e9f-fbf15a926163', 'Alexander', 'Krause', 'madeline44@example.org', '520816cae40a830348d909f316246cb7a73c7c9d4b8b6962678510ae5c1db74f', '977-964-5639x8125', 'admin');
INSERT INTO User (user_id, first_name, last_name, email, password_hash, phone_number, role) VALUES ('7f53a811-cb05-49ef-928e-a62ee7951e49', 'Gregory', 'Martin', 'zlynch@example.com', 'd8b036e4c991f8d9d795979be67c4153c645c60ae8c3bdbe8ab08fdeceb6c97b', '(973)419-0633x8095', 'admin');
INSERT INTO User (user_id, first_name, last_name, email, password_hash, phone_number, role) VALUES ('ec801880-84e9-43ba-9606-8982045ac5e9', 'Deborah', 'Atkinson', 'perrymary@example.com', '6c4a1b7dfc08b435c547d1273876878aad3e6aed763bedd446b2b97c6ddc6355', '(697)448-6952', 'guest');
INSERT INTO User (user_id, first_name, last_name, email, password_hash, phone_number, role) VALUES ('3acce0bc-98a4-4db4-b60d-c6f460a38e8d', 'Trevor', 'Chapman', 'bfrench@example.org', 'c6a95fbd6491e3a135a67abc7f721589f38f528ab7bc6fe5323eee8177b9876a', '001-823-332-7157x830', 'host');
INSERT INTO User (user_id, first_name, last_name, email, password_hash, phone_number, role) VALUES ('bcfd360a-5629-4229-9d78-8b96a0364150', 'Richard', 'Chavez', 'hendersonbrandon@example.com', 'a8b94a7a4ba9984f28b93c0a6a16fe16c36440bc5a769f3e17b6d9510ce249af', '(599)435-3296x2772', 'admin');
INSERT INTO User (user_id, first_name, last_name, email, password_hash, phone_number, role) VALUES ('8486dd68-5d2b-4816-b534-a76e9388d546', 'Crystal', 'Charles', 'qmorris@example.org', 'b5124e2db166cf0ff3e03100c86969736d9e3d827aac4c9bc210a0478f27d225', '262.290.8580', 'guest');
INSERT INTO User (user_id, first_name, last_name, email, password_hash, phone_number, role) VALUES ('687354c3-2514-4c1d-b1e6-1e5a16074f5d', 'Tina', 'Romero', 'matthew55@example.com', 'c60e84a0cb07e85b6a603a218d574966e527db32c82e737552b6fa3461a71962', '372-545-3808x0069', 'admin');
INSERT INTO User (user_id, first_name, last_name, email, password_hash, phone_number, role) VALUES ('3d16e843-1356-42d8-8c4b-0d4bd22350ca', 'David', 'Allen', 'nicole90@example.org', '021ed0302da006d7221d0b4eda113fe66bea243c78fe2eb03465cc7a264a467c', '869-698-9160x97747', 'admin');
INSERT INTO User (user_id, first_name, last_name, email, password_hash, phone_number, role) VALUES ('ac2730d0-0371-4a8f-bffa-e2c4267d0a42', 'Michelle', 'Shaw', 'regina27@example.com', '2d296a98c1753b4ac196e2a163889ba3babf5ee7d0a4c2c21b1c056cfcb549c8', '655.810.4347x0291', 'guest');
INSERT INTO User (user_id, first_name, last_name, email, password_hash, phone_number, role) VALUES ('2e2feaff-93af-4803-a868-038be911b173', 'Anne', 'Wilson', 'jose53@example.org', 'ea603ce4b0d92322f24edde75a6847654af7fc3da7f83a6093005456628e8676', '+1-827-730-8609x3628', 'host');
INSERT INTO User (user_id, first_name, last_name, email, password_hash, phone_number, role) VALUES ('7e32cd22-a22d-40a0-b79d-b58d0a1fbbe5', 'Curtis', 'Miller', 'cmonroe@example.org', '03c54c70d3eac61fcc9ccf2033f2d24546b30a2ad1ac9b361f87045957f4601e', '001-321-511-5738x770', 'guest');
INSERT INTO User (user_id, first_name, last_name, email, password_hash, phone_number, role) VALUES ('bbc3f187-2eb9-408f-b044-d675ffc61637', 'Jeffrey', 'Palmer', 'hannaherickson@example.org', 'b29e520e2060d1a4124433fbe9a16985688c4a28d70b3d08a6e4f4e707fa93f1', '618.424.1410x875', 'host');
INSERT INTO User (user_id, first_name, last_name, email, password_hash, phone_number, role) VALUES ('9a058fc6-1011-4fd2-8f2c-574a9ab22051', 'David', 'Rodriguez', 'gordonblake@example.org', '1ac9a46323daa1ce246ab26d34f538c142e5e65b2fa01bf53a3876dfca6f7306', '001-305-953-4586x065', 'admin');
INSERT INTO User (user_id, first_name, last_name, email, password_hash, phone_number, role) VALUES ('78b9d7ff-c4e9-498f-9105-737a81b90f4d', 'Courtney', 'Taylor', 'peter55@example.net', 'abada785ca9291cf101e52195f3aeaff41da130557360cd37b77fe8991af5aaf', '713.267.3742', 'guest');
INSERT INTO User (user_id, first_name, last_name, email, password_hash, phone_number, role) VALUES ('9a45c66f-7fa8-4440-acbb-4af1d60233c1', 'Tammy', 'May', 'wgardner@example.com', '96a004ec8c95533c17ccea442f3da947d404ba9cc0f4ae7881e6b68f0d9036f4', '+1-556-654-1973x5690', 'host');
INSERT INTO User (user_id, first_name, last_name, email, password_hash, phone_number, role) VALUES ('be5038de-5ade-4ad4-b36b-a010f31e649c', 'Theresa', 'Hill', 'wgarcia@example.com', '3728714f39542857736998316fbaaf489fd6daedcdcca80eda3350db0c455de3', '+1-853-402-0315', 'admin');
INSERT INTO User (user_id, first_name, last_name, email, password_hash, phone_number, role) VALUES ('57c5c9df-3517-427f-992d-e42fdb346252', 'Stephanie', 'Bowen', 'powelldavid@example.net', '2494b16009e76383e6fce76fea313369cf6a3522ebcfca37626d4a3825f6bcba', '(363)629-8202', 'host');
INSERT INTO User (user_id, first_name, last_name, email, password_hash, phone_number, role) VALUES ('3ba123df-6396-47f2-a3cb-0d22d459032c', 'Steven', 'Wilson', 'john06@example.com', 'afdd506470e4d6117685a264423648a29db95df522acf05d0957ab329cb3b817', '+1-206-475-3236x9990', 'host');
INSERT INTO User (user_id, first_name, last_name, email, password_hash, phone_number, role) VALUES ('3583e360-fdb2-4445-8229-0c2a9e393081', 'Jean', 'Gray', 'christopherreyes@example.org', '212f48eb5478aa72f2abcb9f51bdb989a5f4206b92344bb89aa9903eeb179d52', '575.584.0363', 'guest');
INSERT INTO User (user_id, first_name, last_name, email, password_hash, phone_number, role) VALUES ('e235e573-e3b1-409b-a2b7-0d210a7fac0d', 'Randall', 'Wright', 'bmontgomery@example.com', '11f10cf4cf5a75fb284cb2e7092f933ad1fc1db0d0871ab697596906048a7e0a', '831-411-6764x86156', 'host');
INSERT INTO User (user_id, first_name, last_name, email, password_hash, phone_number, role) VALUES ('1b10be3d-1f08-4086-9a40-4611a1cf1d65', 'Karl', 'Jones', 'richardsonmarcus@example.org', '8bb540c9f75d81667918f382091472b59ab177b9db8843c2ae59759e7a6a5847', '8157630816', 'admin');
INSERT INTO User (user_id, first_name, last_name, email, password_hash, phone_number, role) VALUES ('abb8bfd6-35f5-4151-ba48-d11bb1791ce3', 'Kathleen', 'Le', 'hclark@example.net', '5c02b4d1e5096f47e7e93e51b9c82ae1745ec3c2a6b92acc6fd4eeb300536d11', '001-617-215-9191', 'guest');
INSERT INTO User (user_id, first_name, last_name, email, password_hash, phone_number, role) VALUES ('d917a7e5-d6f0-4bce-a06b-4326f66fefbb', 'Paula', 'Carter', 'juarezmary@example.com', '548da55971d467b67a7eb1e5a72b3832dabca2ac1c05c12c493df136f0197f67', '866.921.3069', 'admin');
INSERT INTO User (user_id, first_name, last_name, email, password_hash, phone_number, role) VALUES ('79e1243a-5931-4b4c-aad0-d82fcd97a9cf', 'Jennifer', 'Lawrence', 'xsmith@example.org', '8da90ebf37ee640e735b6b45d5b1454e861a18138d4c3555e710ee761cafff2d', '+1-678-781-2653x3933', 'guest');
INSERT INTO User (user_id, first_name, last_name, email, password_hash, phone_number, role) VALUES ('1ddae8e8-17f2-43b9-bb0f-ab98ca8c9f3d', 'Dawn', 'Pennington', 'brandonmartinez@example.net', 'ccf4dc0facf6425088055bdbff4cc86b500cae3994483c820fc8d451346a32a9', '783-775-8615x1326', 'guest');
INSERT INTO User (user_id, first_name, last_name, email, password_hash, phone_number, role) VALUES ('54cbbb98-f30d-47f3-bdad-d25212e7323c', 'Kyle', 'Winters', 'joshuabennett@example.net', 'c4bfd20d80c7725badf53104cf83f3f183f917396f343c449cc21fa641402ab8', '+1-735-973-2676x829', 'host');
INSERT INTO User (user_id, first_name, last_name, email, password_hash, phone_number, role) VALUES ('fc7d34d5-3ba9-4967-a685-76f37693d1be', 'Joshua', 'Davis', 'wilsonpatrick@example.net', 'df21e4275f83444c1b26339abb906785208e191b6abe1aabfff716a61803fb47', '354-855-2973', 'admin');
INSERT INTO User (user_id, first_name, last_name, email, password_hash, phone_number, role) VALUES ('7cf7062d-94f4-48d1-9020-2a031e03934e', 'Deanna', 'Smith', 'patriciasaunders@example.org', '26a5e8f0a335a94413f8a15d2f84d744136a2704f1525cbbf655faa0d747a230', '421.621.5656', 'admin');
INSERT INTO User (user_id, first_name, last_name, email, password_hash, phone_number, role) VALUES ('852831af-9aec-4d16-a707-94a549ec6139', 'Devin', 'Hudson', 'floydruth@example.net', 'b5324676d99f2641f071c80022a626db94c74ebaae56862c835853e9c66ab746', '993-629-8642x53161', 'host');
INSERT INTO User (user_id, first_name, last_name, email, password_hash, phone_number, role) VALUES ('db5e0f4c-0352-4f6c-a662-94a779f2e8e3', 'Jennifer', 'Bradshaw', 'lstevens@example.net', '12a4c72aeffddb0baef13fa80f556974f4718cd5bf9a7cd273813617c7d29c0a', '+1-998-280-6864x3942', 'guest');
INSERT INTO User (user_id, first_name, last_name, email, password_hash, phone_number, role) VALUES ('f0be8e3e-7f37-4d8b-a259-32dec0eec966', 'Daniel', 'Davis', 'paula05@example.org', 'd5ea3e601273908e1abe53e31f8ff5425fe6cd720d1830fa81cfcc64178bb992', '761.300.1956x81085', 'guest');
INSERT INTO User (user_id, first_name, last_name, email, password_hash, phone_number, role) VALUES ('54255124-fe05-4bde-9906-600391b73c50', 'Benjamin', 'James', 'valerie28@example.org', 'b4173e08d2b0f71bcce597720a813598091d4c1eef5bbd1f7594fddeef8eb3c2', '202.897.8074x904', 'admin');
INSERT INTO User (user_id, first_name, last_name, email, password_hash, phone_number, role) VALUES ('79e75b16-91d7-41aa-9e66-cb315fd609ea', 'John', 'Jackson', 'arnoldsamantha@example.org', 'fd1f5d54b7f1d9c541bee8395f3caf021dc2b49e61221b1dd48dfe695249fbc9', '341-219-2258x1552', 'host');
INSERT INTO User (user_id, first_name, last_name, email, password_hash, phone_number, role) VALUES ('5ea0ba4c-abb7-4476-8357-520c866565e4', 'Joseph', 'Reynolds', 'michelle87@example.com', 'e554c6ac837d76568fb2be32ee8213c312a8b6730abfa86d9fb5920d7cea6d60', '(449)466-1396x280', 'admin');
INSERT INTO User (user_id, first_name, last_name, email, password_hash, phone_number, role) VALUES ('830b767e-1974-484a-8e60-4e56cc45a581', 'Crystal', 'Castro', 'sarahthomas@example.com', 'c602f93b7645cc677e97a08722ff36268c23d98a8066b47585ba9f3504b772ff', '274.277.1394x527', 'host');
INSERT INTO User (user_id, first_name, last_name, email, password_hash, phone_number, role) VALUES ('7a03f658-e6f2-4d38-8baa-9d519e5caf8f', 'Erika', 'Richardson', 'elijah69@example.com', 'e80415d050926fe2e6d1126d34c4398a51af717c7af796407fc5a319167f838f', '(249)572-3684', 'admin');
INSERT INTO User (user_id, first_name, last_name, email, password_hash, phone_number, role) VALUES ('48862db9-1666-427b-ae6f-b832a7e213c2', 'Isaac', 'Moore', 'francescosta@example.org', 'da6ca03c15a76a9f25b0eeac0184eae27bd8057fc8a03ea79f780a3af9224c53', '(971)903-6459', 'host');
INSERT INTO User (user_id, first_name, last_name, email, password_hash, phone_number, role) VALUES ('2a1eafeb-951a-48e1-a85d-a7e2316ab83a', 'Amy', 'Bates', 'katherine90@example.net', '33cd242cce46bd8c1bc49c94a9426ec94c12c39b71fd909c89ec013691a0a5e5', '919.695.3267x2492', 'host');
INSERT INTO User (user_id, first_name, last_name, email, password_hash, phone_number, role) VALUES ('d811d634-257a-491e-9d1b-d2ded9066c2e', 'Renee', 'Fowler', 'christopher57@example.org', '2b0cefef0075a760ef1818979ca1e4dcbfd390582f8680b47d69fd3623c6cc70', '(571)793-8874', 'guest');
INSERT INTO User (user_id, first_name, last_name, email, password_hash, phone_number, role) VALUES ('8455eac7-8bdd-4673-90a8-4f4dfe4f5991', 'Natalie', 'Davis', 'beverly01@example.com', '1c9c9dd9bfb858252d67ccd59338c07b05751e64ade8dd1a58b28192df0089bc', '001-576-620-0962', 'host');
INSERT INTO User (user_id, first_name, last_name, email, password_hash, phone_number, role) VALUES ('070d8c34-2a69-447b-b891-1328acf40e5d', 'Crystal', 'Owen', 'ashleymendez@example.org', '3ab323eff7ac0d421bd2cf1e29b9692ed6b2dc0eadfdcf2c36fcf94553852112', '(291)897-6225x4777', 'host');
INSERT INTO User (user_id, first_name, last_name, email, password_hash, phone_number, role) VALUES ('59f89e08-5a42-4c04-8efa-140e15099dd0', 'Joel', 'Ryan', 'omills@example.org', 'ec33074f0ddbd26e2858a9facf23540b6c66aa155690a8131a7455d215580043', '(604)421-9660', 'host');
INSERT INTO User (user_id, first_name, last_name, email, password_hash, phone_number, role) VALUES ('bba7e62e-8404-4107-9a66-f35f1b9ca1da', 'Erin', 'Duarte', 'charles77@example.org', '8b20f8579ab058982c14a81b5e5714ad0d6648712b4955d1621019be13ae9e27', '654-842-7203', 'admin');
INSERT INTO User (user_id, first_name, last_name, email, password_hash, phone_number, role) VALUES ('994ecafb-67e1-4355-b02b-369f2801c68a', 'Kelli', 'Thomas', 'travisweiss@example.org', '23531f851fc96b12c73358f6385fc554d9ffe1cf5b4d1f739fadea39b67600b3', '(808)611-2588x41200', 'admin');
INSERT INTO User (user_id, first_name, last_name, email, password_hash, phone_number, role) VALUES ('9aeeec96-31af-45f1-9680-ba65780fd651', 'Vanessa', 'French', 'vwilliams@example.org', 'cd28d27403f686e9372f65ea5e8ae07d627a314ffbf38f8fdf39de55b023ebea', '001-964-699-0154x723', 'host');
INSERT INTO User (user_id, first_name, last_name, email, password_hash, phone_number, role) VALUES ('85dbe46d-d5f4-4fdc-b9d9-7be807df25a8', 'Deborah', 'Thomas', 'aliciabrown@example.com', 'd7686b8bf5808ae04a1c94afed08d68e9e1a05f6fd3849743ade6f31d7181225', '+1-440-904-1387x2173', 'host');
INSERT INTO User (user_id, first_name, last_name, email, password_hash, phone_number, role) VALUES ('4d2657fe-c696-4c66-8a43-5c1945bfdab0', 'Tonya', 'Johnson', 'johnbailey@example.net', '50f5e8224fe86e3d082aaa324391feaeaa975852dadac7c72a300f94aa1f54ad', '+1-492-556-7853x9133', 'host');
INSERT INTO User (user_id, first_name, last_name, email, password_hash, phone_number, role) VALUES ('6c9b52f8-6aba-444e-b2ce-83197967b048', 'Samantha', 'Estes', 'priceashley@example.net', 'a3d8473584e0d7cf7b436e0cb893b48c2fa598d375f29716002717ebe3a3bb25', '653-974-7545x64645', 'host');
INSERT INTO User (user_id, first_name, last_name, email, password_hash, phone_number, role) VALUES ('c91b78f8-f3ac-4032-9d45-ad14eb0aec05', 'Jennifer', 'Riley', 'reginaldewing@example.org', '3eabe9b6edc8cd266d12b9727bf47a48b36ae403368bcdd7542b9a3c5a3b669e', '276-614-7609x2315', 'guest');
INSERT INTO User (user_id, first_name, last_name, email, password_hash, phone_number, role) VALUES ('64d2d537-0458-4adf-a38a-84e4072fe262', 'Shari', 'Shah', 'cooperdiana@example.org', 'c05398b75bdbe1207831e4d45f9bcd042c45567c926616eae89d7d77a014df17', '882.303.5876x687', 'host');
INSERT INTO User (user_id, first_name, last_name, email, password_hash, phone_number, role) VALUES ('92e033f8-3240-4276-9247-61d1c4088c9c', 'Darrell', 'Conley', 'christopher33@example.org', '2b869c7482c172e663b00dbb59148767c51dd6683147bdb750d2232f8027b1a4', '001-673-719-8590', 'guest');
INSERT INTO User (user_id, first_name, last_name, email, password_hash, phone_number, role) VALUES ('d67c4ef8-544a-4aa6-a6ae-13f8a7a5a0cc', 'Barry', 'Fisher', 'psalas@example.net', 'ef9ff686216d676b6b2b79e9305d597559349bf4a87793854a4875ca150197f0', '974.280.2476', 'guest');
INSERT INTO User (user_id, first_name, last_name, email, password_hash, phone_number, role) VALUES ('46cb8b94-da37-4098-8576-7081f5f22af6', 'Luis', 'Farmer', 'michaelwilliams@example.com', '1b982a45d927ba77d5ad3d2eed58057894b508603ba33b3d4b1c8312842d7a03', '001-983-683-6868x717', 'host');
INSERT INTO User (user_id, first_name, last_name, email, password_hash, phone_number, role) VALUES ('501544e6-8d51-4ffd-a7b3-ae22e84197ae', 'Nancy', 'Robinson', 'rodriguezryan@example.net', '2898f924370fbd6d4b05caf47abb1af170356c37a545491d70a638eb8498a45e', '6283039601', 'admin');
INSERT INTO User (user_id, first_name, last_name, email, password_hash, phone_number, role) VALUES ('29cbfe57-ca91-4c8b-ad3e-d6716c5324db', 'Brian', 'Francis', 'williamsbecky@example.com', '2cfdfe526bfc2cdd3a5f7567a7803ad1dd95572ec629d422a748ea8f927de632', '+1-493-550-7478x692', 'admin');
INSERT INTO User (user_id, first_name, last_name, email, password_hash, phone_number, role) VALUES ('e958538b-75f4-4670-b5c5-08e62471a333', 'Peter', 'Galvan', 'wfranklin@example.com', '83e46997c8710464b7b5e70ef0c41252ba563fc9b818cd982efae757f7cf6e5d', '+1-852-356-5345', 'host');
INSERT INTO User (user_id, first_name, last_name, email, password_hash, phone_number, role) VALUES ('581f6af4-2f44-47a3-801b-e0149ccf7f4c', 'Mario', 'Cole', 'jonesdebbie@example.org', '9626c5e68d43dea589cac3ef7e433e474e4a718efd66980db23d8786361cd27b', '630-445-0926x1462', 'admin');
INSERT INTO User (user_id, first_name, last_name, email, password_hash, phone_number, role) VALUES ('5e638b3e-8fe5-4a40-9f88-31784ff6ef6f', 'Gregory', 'Malone', 'francomike@example.org', '4f03bfdda73b31c5234accd8c322c360648814739f101cdf3cb6082ae004d144', '4257947697', 'host');
INSERT INTO User (user_id, first_name, last_name, email, password_hash, phone_number, role) VALUES ('909fc171-a57d-4f03-ae4b-e78ec82c0efb', 'Christopher', 'Brooks', 'burkestefanie@example.org', '3805388ec38bf398090b5ba8ae4e3a1aafb9d8775bb1076214ce7c321b8a5a55', '(778)977-7327', 'admin');
INSERT INTO User (user_id, first_name, last_name, email, password_hash, phone_number, role) VALUES ('600de622-561a-44e2-896b-9c28184ba8a3', 'Veronica', 'Patton', 'michael23@example.net', '47ade46dd620e5f41f12b11e4e8ce7c6b0dbe340bf9c5380f8823b0cba434034', '001-874-892-8344x837', 'guest');
INSERT INTO User (user_id, first_name, last_name, email, password_hash, phone_number, role) VALUES ('67bb3849-e55d-4f61-820b-b8b10902c5a9', 'Kathleen', 'Garcia', 'matthew50@example.com', '9287fdf6469d94039f09ee579855b8e5fed70b5f15219cc2fe3cdb97f4115057', '(894)235-3069', 'admin');
INSERT INTO User (user_id, first_name, last_name, email, password_hash, phone_number, role) VALUES ('d8ffa249-225b-4e33-a24b-a671b3ee54bd', 'Victor', 'Johnson', 'jwilson@example.net', 'ef6ec2f3de9e2189ff8130ee457c1c6eb2a97600ed6d148c4e3baddcb6f54800', '(726)775-4903x7533', 'host');
INSERT INTO User (user_id, first_name, last_name, email, password_hash, phone_number, role) VALUES ('d45ef3ff-e4a5-40e4-97d7-152643d65c16', 'Eric', 'Thomas', 'allison93@example.net', '139e52954a9fa8c23dc918a8513b25529b4ef3219a38acc2eb410bf71fb7dd44', '001-934-525-0721x783', 'host');
INSERT INTO User (user_id, first_name, last_name, email, password_hash, phone_number, role) VALUES ('9551d3cc-d3ce-4622-85b8-64d383c5469d', 'Russell', 'Williams', 'iclements@example.net', '49797d97d3321654d227e672316c5f9dd197b2c71ef9d48ca538d2dc7d21c9d1', '721.733.7906', 'host');
INSERT INTO User (user_id, first_name, last_name, email, password_hash, phone_number, role) VALUES ('ff86a7ef-d50b-45e0-aad2-e41daccf5121', 'Roy', 'Hicks', 'angelabullock@example.org', '13b624f3c9727561838f20121b4ed02d1f1f7fea0d64120e589ddf82581a9f59', '740-400-5827x820', 'guest');
INSERT INTO User (user_id, first_name, last_name, email, password_hash, phone_number, role) VALUES ('00ce5a5c-84f7-4b3f-b317-5222298f2c9d', 'Edward', 'Jennings', 'burkeashley@example.com', '0bcb2f1f9fa859967a847f3a9ea869fd8dab7d5ccb3422e10517052728b33228', '995.446.6832', 'admin');
INSERT INTO User (user_id, first_name, last_name, email, password_hash, phone_number, role) VALUES ('50a1a9e6-b1fe-4886-b6c7-640b11b66abe', 'Richard', 'Adams', 'milesmegan@example.com', '01bf98a69b5c67b8aa162af7bd3474c7a1bb1261e3bb8c68d723a13110773647', '386.701.0175', 'guest');
INSERT INTO User (user_id, first_name, last_name, email, password_hash, phone_number, role) VALUES ('763bb578-5793-4303-aeb0-28232341c807', 'Erin', 'Roman', 'jennifer47@example.net', '8aca927a333e58d51f2197fc9a00e5a262353ea12dedf0a46a01bfdf89a46ed8', '971.641.2206x805', 'admin');
INSERT INTO User (user_id, first_name, last_name, email, password_hash, phone_number, role) VALUES ('43b205fc-b4e9-427d-8953-1823fc78bc4f', 'Raymond', 'Marquez', 'brianna06@example.com', '241ccc12c307629f0c13952a3b1bb5c5db53ed78a5cbe52dab38409abf808857', '4298329163', 'admin');
INSERT INTO User (user_id, first_name, last_name, email, password_hash, phone_number, role) VALUES ('b6ae824d-47ec-4a45-aece-9edb8d2f9880', 'Justin', 'Lee', 'ortegacolleen@example.org', '46636540b3774527e58496ee65403329bf3dc978d5d8f11cff1bb6ede45fa67c', '001-789-794-3045x101', 'guest');
INSERT INTO User (user_id, first_name, last_name, email, password_hash, phone_number, role) VALUES ('df16543c-fe8a-4568-bdf1-6accd91b3abf', 'Cynthia', 'Anderson', 'charlesray@example.com', '4f949b1109bb12d3ea5ac991d853e19d541b0be404d5471f6825e8ce53d6c944', '563-916-5001', 'guest');
INSERT INTO User (user_id, first_name, last_name, email, password_hash, phone_number, role) VALUES ('0c92e872-10d4-4a94-a127-d71a62ef0e1e', 'Christine', 'Gibson', 'nbray@example.org', '9a0b8637298a1023c0af71f0805e832fffdf8f089e206a60698e5ad32a1edc8e', '794.260.0172', 'admin');
INSERT INTO User (user_id, first_name, last_name, email, password_hash, phone_number, role) VALUES ('90fe5b72-8145-4825-849c-22740d0c2ba2', 'Richard', 'Garner', 'sarah19@example.com', 'a891174bb5ae82f110060daa1f443b29d24d5cf903b2bb1b33208b1bb15f3746', '+1-633-749-1330x5633', 'admin');
INSERT INTO User (user_id, first_name, last_name, email, password_hash, phone_number, role) VALUES ('f9f5c1a8-0e2e-4d06-8c6e-7a0afd84193d', 'Walter', 'Norris', 'brownamanda@example.org', '8ed5501714bbe6989bb23191c2ec6d9f0a710a630e2d218b9f48976beca3d851', '001-810-800-2282x128', 'guest');
INSERT INTO User (user_id, first_name, last_name, email, password_hash, phone_number, role) VALUES ('67260a4d-f028-4a5d-9d05-7bd7dc76a519', 'Carlos', 'Cooper', 'erica99@example.net', '247ee2f5c92d89d2cdd5b37626766110b7cd43e298e9b8567473a2f48d4602db', '871.759.0183x249', 'admin');
INSERT INTO User (user_id, first_name, last_name, email, password_hash, phone_number, role) VALUES ('cebf56ae-f362-442f-8c43-1ac0dacfa071', 'Tina', 'Davis', 'bgonzalez@example.org', '6895d9d7778cc44f1e245dc295cd712e172dee518355c9ef258ef6d93b26ea7a', '542.956.2763', 'guest');
INSERT INTO User (user_id, first_name, last_name, email, password_hash, phone_number, role) VALUES ('08a0f2ce-9f92-49fb-af06-15498d5da17b', 'Bryan', 'Dougherty', 'david13@example.org', 'f90b631cd29cee2be48e018248bcc3992eca5aeac8259dbe3849e1bba50b0c86', '(937)439-0522', 'host');
INSERT INTO User (user_id, first_name, last_name, email, password_hash, phone_number, role) VALUES ('0ea92ac2-40ad-4f50-9f26-081353f681a5', 'Mark', 'White', 'toni33@example.org', '3ec5b1cee3ebbf0a2a9538ddf30777502e75f74ada7eca8a46109da3df6d3561', '4378774019', 'guest');
INSERT INTO User (user_id, first_name, last_name, email, password_hash, phone_number, role) VALUES ('96f7cc71-ab17-442d-ba47-8f6d96126505', 'Kristopher', 'Kennedy', 'tamara54@example.net', 'c4a26991886083c08d15fc5b8a7eb99a8a007d4b5d7a75bd733c083cffb7931d', '+1-959-521-0342x540', 'guest');
INSERT INTO User (user_id, first_name, last_name, email, password_hash, phone_number, role) VALUES ('fe71be63-e1ec-4efd-bcfa-92d6b90e4e00', 'Crystal', 'Butler', 'nelsoncourtney@example.com', '227bc19db0e1c15fa525e0b3bf5054e527f9c85c1709c5773ec24ca7d1fc2f1f', '(291)712-8005x988', 'host');

-- Properties
INSERT INTO Property (property_id, host_id, name, description, location, pricepernight) VALUES ('d9b9bb5c-4e30-4994-9ed3-fbd6a763774d', '50c868f3-e233-4eb9-9ca9-2d6956803a33', '9850 Brandon Forks Suite 651, West Michael, IL 47439', 'Time experience others year green heavy. Firm pull top reach door result someone.', 'Robertton', 448.91);
INSERT INTO Property (property_id, host_id, name, description, location, pricepernight) VALUES ('b850d6a2-3edd-42b6-bf20-d0ddaeb6a171', '39404a89-89a4-4638-9320-a44ec995073e', '7937 Marcia Streets Apt. 487, Lake Matthew, GA 09533', 'Information power key bring. Finish edge community security poor. Economy course building.', 'Glennside', 384.54);
INSERT INTO Property (property_id, host_id, name, description, location, pricepernight) VALUES ('6a8466f0-010e-4d47-b3c3-54a074b4b75a', 'e958538b-75f4-4670-b5c5-08e62471a333', '5517 Ronald Valleys Apt. 587, East Krystal, AZ 93730', 'Available me possible herself mean stock individual.', 'Crystaltown', 252.25);
INSERT INTO Property (property_id, host_id, name, description, location, pricepernight) VALUES ('ad26e485-8d3f-400f-9ae3-f851942385b4', '50c868f3-e233-4eb9-9ca9-2d6956803a33', '5392 Joshua Plain, East Adam, AL 86535', 'Land walk environment weight manager onto others.', 'Mariostad', 103.13);
INSERT INTO Property (property_id, host_id, name, description, location, pricepernight) VALUES ('2de09c94-0c4e-4947-a33c-0ed93073527c', '6a0d6cb9-d9f9-44d7-b075-34c796645be9', '3239 Wolfe Walks Apt. 813, Barnestown, PW 51635', 'Certainly reflect relationship suddenly. Affect after professional movement.', 'Lake Michaelport', 184.23);
INSERT INTO Property (property_id, host_id, name, description, location, pricepernight) VALUES ('cd0664dc-3101-413d-a802-67f3d7c70953', '1a9a696e-d1a3-467c-985b-a0ede83d271c', '80429 Bush Motorway Suite 331, New Dennisborough, WV 31776', 'Peace large sing character. Morning one upon eight player fight.', 'New Shirleytown', 118.5);
INSERT INTO Property (property_id, host_id, name, description, location, pricepernight) VALUES ('857aff2a-ed0b-4662-afa7-39dc8778de3e', '9551d3cc-d3ce-4622-85b8-64d383c5469d', '943 Samantha Crescent, Emilyberg, HI 06617', 'Guy democratic bit other ready material guess. Fall say leave ever dark door large.', 'New Kathy', 403.39);
INSERT INTO Property (property_id, host_id, name, description, location, pricepernight) VALUES ('d84a6132-2665-4026-8958-c52ddcfb2334', 'd45ef3ff-e4a5-40e4-97d7-152643d65c16', '947 Elizabeth Green, Lake Earl, TX 60891', 'Light sign million type teacher Mrs it. Show yourself production many memory whom north.', 'West Katieburgh', 408.14);
INSERT INTO Property (property_id, host_id, name, description, location, pricepernight) VALUES ('088fa708-cc20-4148-8ed0-39d6a4756875', '50c868f3-e233-4eb9-9ca9-2d6956803a33', '8949 Boyd Views, Ernestmouth, SC 76598', 'Spring big last life.', 'West Mary', 298.81);
INSERT INTO Property (property_id, host_id, name, description, location, pricepernight) VALUES ('d2493010-a3a0-4dc0-aab2-63b630a5f8ef', '54cbbb98-f30d-47f3-bdad-d25212e7323c', '83103 Wright Pike, Suzanneberg, WY 38348', 'Develop community stop appear section.', 'New Josephshire', 426.72);
INSERT INTO Property (property_id, host_id, name, description, location, pricepernight) VALUES ('e887734a-0e71-4d2f-9a22-324e9399bbf3', '5f66de6c-bf98-4535-989b-87d1dd561b30', '776 Cruz Common, West Jonathan, MA 34353', 'Future project sometimes dog. Worker view this way close.', 'Port Lindseyborough', 439.89);
INSERT INTO Property (property_id, host_id, name, description, location, pricepernight) VALUES ('fc6415ef-e068-4d94-b342-022d3cb362a1', '9cc5504f-b141-431e-a2d0-59f89b017b3e', '6326 Tracy Place, Sandovalshire, KY 29169', 'Base figure time organization them think minute. Those action military cut.', 'Robertshire', 275.21);
INSERT INTO Property (property_id, host_id, name, description, location, pricepernight) VALUES ('9a783315-4dcb-4ce6-ba0f-62693f0fc09e', '79e75b16-91d7-41aa-9e66-cb315fd609ea', '136 Miles Dam Apt. 950, Marymouth, NV 42758', 'Group glass door get some. Office drug admit real he so person thank. Use hot treatment.', 'North Eric', 450.81);
INSERT INTO Property (property_id, host_id, name, description, location, pricepernight) VALUES ('4f732932-53f8-42b7-8823-aee8d1ed29a6', 'e958538b-75f4-4670-b5c5-08e62471a333', '593 Ward Ports Apt. 549, Michaelchester, NH 49864', 'Speak thank sing. First be push action.', 'Lake Meganport', 439.85);
INSERT INTO Property (property_id, host_id, name, description, location, pricepernight) VALUES ('0c31797c-acbd-47f6-97fc-91233cd9c6b2', '2e2feaff-93af-4803-a868-038be911b173', '74975 Lester Place, Reynoldstown, ME 33248', 'Writer fly family movie attention.', 'New Roberthaven', 276.01);
INSERT INTO Property (property_id, host_id, name, description, location, pricepernight) VALUES ('88757d98-c525-4f45-957a-a9f13a807c54', '512a8a41-360a-4802-92fa-a6e48b1e5a53', '87506 Lowe Garden, East Brittanyhaven, VA 01699', 'Happy court eat. Space firm character indeed may in method.', 'New Frances', 348.87);
INSERT INTO Property (property_id, host_id, name, description, location, pricepernight) VALUES ('e998fd00-ab3c-48a4-8d8b-b921bd02b833', '50c868f3-e233-4eb9-9ca9-2d6956803a33', '584 Woods Plaza Apt. 837, North Lauramouth, WV 87176', 'Drug eat six any where listen. Door loss black trial. Describe responsibility value.', 'Lake Cynthiaport', 198.67);
INSERT INTO Property (property_id, host_id, name, description, location, pricepernight) VALUES ('97e88cc1-0fae-404f-875a-d678a820c20f', '6a0d6cb9-d9f9-44d7-b075-34c796645be9', '39762 Smith Street, Leeview, CT 68884', 'Happen often cup past per. Able chance yard much. Voice six relationship view.', 'Lake Alexandriamouth', 167.54);
INSERT INTO Property (property_id, host_id, name, description, location, pricepernight) VALUES ('85c54156-d635-4a6c-ba89-d3866e4b857a', '56980766-7519-4af8-963b-88e36d87a7bd', '369 Christine Mountains Apt. 836, Port James, OR 05481', 'Fight agency young real wall understand. Able several democratic movie night establish.', 'Jonathanbury', 185.95);
INSERT INTO Property (property_id, host_id, name, description, location, pricepernight) VALUES ('c836c7c0-6019-4feb-8d40-440bdb090a29', '070d8c34-2a69-447b-b891-1328acf40e5d', '258 Ball Extension Suite 229, Briggsville, NJ 01092', 'Research require magazine. System return opportunity safe already until. Argue itself baby six.', 'South Matthewtown', 263.03);
INSERT INTO Property (property_id, host_id, name, description, location, pricepernight) VALUES ('d95d2261-1b40-4ce5-a176-773d261c9384', '5f66de6c-bf98-4535-989b-87d1dd561b30', '2141 Mathis Islands, Johnville, PR 06162', 'South kind side make eye very. Serious the culture have candidate gas less.', 'Thompsonview', 261.56);
INSERT INTO Property (property_id, host_id, name, description, location, pricepernight) VALUES ('1f58cc03-d788-461a-b205-816df085f26a', 'c2ff18ad-ed5c-4fb0-a0a3-8d550780a289', '48618 Rodriguez Flats, Huffberg, MH 57633', 'Establish space fish serious scene science. Many future rock service.', 'Floresmouth', 377.05);
INSERT INTO Property (property_id, host_id, name, description, location, pricepernight) VALUES ('3a9e47e5-6dd9-4560-9703-b06cce2e26b5', '9cc5504f-b141-431e-a2d0-59f89b017b3e', '0339 Hall Bridge Suite 396, Christopherbury, ND 57977', 'Never sport consumer spend. Show side stage nature.', 'Port Danny', 248.19);
INSERT INTO Property (property_id, host_id, name, description, location, pricepernight) VALUES ('0bd8cc89-80a0-48cd-9674-004cb618a3e8', '32c44141-d021-47b5-adda-f363fdfef29a', '1973 Samuel Camp Apt. 828, Joelberg, WV 04636', 'Dog same difference west direction party. Cause view fear visit paper.', 'Port Miranda', 121.9);
INSERT INTO Property (property_id, host_id, name, description, location, pricepernight) VALUES ('bb0839ad-43ef-4980-a5d0-a7fd1af907f9', '9551d3cc-d3ce-4622-85b8-64d383c5469d', '79160 Matthew Square, Lake Stephen, OK 83760', 'Note whole time. Without people else trouble president like else. Think perhaps similar.', 'West Heatherhaven', 405.3);
INSERT INTO Property (property_id, host_id, name, description, location, pricepernight) VALUES ('52333402-e85c-48b7-adb7-92b92e8b562e', '56980766-7519-4af8-963b-88e36d87a7bd', '0790 Harris Extensions Suite 498, Christopherbury, MT 70875', 'Chair meeting drop some lawyer on. Available firm economy western commercial.', 'West Lisaport', 470.7);
INSERT INTO Property (property_id, host_id, name, description, location, pricepernight) VALUES ('462aaa3b-b006-4f09-9ff9-a13117fc54c7', 'aa8fc159-a7bf-4d48-a730-4981c7b2e4d6', '287 Wells Rue Apt. 557, North Jonathon, WI 89362', 'Time social adult approach small poor. Difference place often trip girl another.', 'Lake Kurt', 493.99);
INSERT INTO Property (property_id, host_id, name, description, location, pricepernight) VALUES ('b5ca38e1-81d2-45c9-9cc9-ec42acb4fad6', 'bbc3f187-2eb9-408f-b044-d675ffc61637', '868 Brandon Common, Port Lucasbury, AS 50912', 'Special choose all group. Book name it hour leader value.', 'Lake Stephen', 195.75);
INSERT INTO Property (property_id, host_id, name, description, location, pricepernight) VALUES ('adf0aa1e-0692-4ebb-ad79-dfef898787de', '6d28d73d-ba75-45c4-948c-fb68bd21edbf', '215 Thomas Mission, North Louis, WY 35402', 'Everybody level short suddenly your question back. Weight direction outside face great along.', 'New Laurenborough', 264.26);
INSERT INTO Property (property_id, host_id, name, description, location, pricepernight) VALUES ('f3725ef6-6b71-44c9-835f-7cb119a39c60', 'e235e573-e3b1-409b-a2b7-0d210a7fac0d', '6737 Chavez Track Suite 773, New David, CT 35944', 'Place late read. Follow which white amount agreement she.', 'New Emilyhaven', 232.98);
INSERT INTO Property (property_id, host_id, name, description, location, pricepernight) VALUES ('e4c83c1f-249b-4838-a475-6c16b713d9b1', '852831af-9aec-4d16-a707-94a549ec6139', '821 Mitchell Shore, Port Elizabeth, MN 51258', 'Occur cut democratic look. Dream camera team fear.', 'Charleston', 267.68);
INSERT INTO Property (property_id, host_id, name, description, location, pricepernight) VALUES ('12b3b408-3e8b-4ea2-bb83-b73a26b07454', 'd4b7905b-9da4-495b-befa-4c5603076481', '3729 Melanie Ville, Kennethmouth, AS 42323', 'Room property later half. Particular stuff rise system through.', 'East Paulamouth', 244.63);
INSERT INTO Property (property_id, host_id, name, description, location, pricepernight) VALUES ('fe452593-6cff-4aab-8d1a-91b7c2221e42', '29e32e86-2d5b-410c-9aa2-9c766d4b39ed', '0355 Amber Islands, Meganmouth, IN 81201', 'Protect chair design reflect certainly else official forget.', 'Phillipsland', 301.7);
INSERT INTO Property (property_id, host_id, name, description, location, pricepernight) VALUES ('54d494d8-7518-4f66-8c6e-79d44c28279d', '1a9a696e-d1a3-467c-985b-a0ede83d271c', '591 Elizabeth Street, Nicholsonland, MN 91322', 'Interview letter nothing now experience skin police account. South very thought city.', 'Lake Paula', 95.82);
INSERT INTO Property (property_id, host_id, name, description, location, pricepernight) VALUES ('b6af7097-d214-4d81-957b-bef349d4743c', 'b4ae33a9-92ae-4bbb-98ea-56b47c7f8afc', '417 Jones Ways Suite 043, New Karen, MO 73395', 'Paper market yet use effort out company. Begin report market accept certainly plan human.', 'Port Emilyton', 364.05);
INSERT INTO Property (property_id, host_id, name, description, location, pricepernight) VALUES ('6556e8d9-dd6a-495d-acc5-c8ec7b3cf51f', '54cbbb98-f30d-47f3-bdad-d25212e7323c', '2557 Danielle Springs, Shannonville, AS 38151', 'Grow economy after discuss read provide. Market tree address air magazine theory.', 'Whitemouth', 172.84);
INSERT INTO Property (property_id, host_id, name, description, location, pricepernight) VALUES ('58a3cd30-3d42-4f0e-94d1-17027c456c77', '48862db9-1666-427b-ae6f-b832a7e213c2', '2376 Hall Spurs, Brianaberg, MO 11122', 'Too pressure discuss wife open. Apply effort keep.', 'East Jamesbury', 75.91);
INSERT INTO Property (property_id, host_id, name, description, location, pricepernight) VALUES ('ed933194-2c7c-4c9a-975c-f756ff6b04f5', '5e638b3e-8fe5-4a40-9f88-31784ff6ef6f', '3106 Barker Brook, Tonifurt, OH 12940', 'Site employee one compare guess listen though. Land others maintain fish claim them.', 'Perezfurt', 190.6);
INSERT INTO Property (property_id, host_id, name, description, location, pricepernight) VALUES ('3918860a-eba7-4ae6-9124-d9082bf2aec5', '9a45c66f-7fa8-4440-acbb-4af1d60233c1', '3532 Heather Forks Apt. 865, Port Brandyborough, HI 78964', 'Value money ground too. Somebody instead seek control myself artist billion.', 'Chadmouth', 358.58);
INSERT INTO Property (property_id, host_id, name, description, location, pricepernight) VALUES ('2c791610-e9b7-4dd6-b3d2-d0170c96797b', '85dbe46d-d5f4-4fdc-b9d9-7be807df25a8', '8447 Mcdaniel Green Suite 312, South Emily, MA 76311', 'Let together participant expert. Threat everything seat knowledge item city.', 'Cowanberg', 367.87);
INSERT INTO Property (property_id, host_id, name, description, location, pricepernight) VALUES ('dbc859a2-542f-4e17-a212-a445906a73ed', '9cc5504f-b141-431e-a2d0-59f89b017b3e', '32250 Butler Coves, Wallacehaven, FM 39144', 'Onto tax arrive watch. Heavy less southern shake.', 'Esparzaborough', 368.13);
INSERT INTO Property (property_id, host_id, name, description, location, pricepernight) VALUES ('6c2e6e94-d874-4752-b355-55a3ab97806b', 'fe71be63-e1ec-4efd-bcfa-92d6b90e4e00', '6133 Yang Meadow Apt. 692, Amybury, NM 92870', 'Class reach many bar simply. Only focus baby black. Tend skill dream sell.', 'Brandonmouth', 409.1);
INSERT INTO Property (property_id, host_id, name, description, location, pricepernight) VALUES ('c378b759-c3ee-4f4c-a905-24793a44b04c', '3acce0bc-98a4-4db4-b60d-c6f460a38e8d', '60545 Kimberly Junctions, Port John, LA 57791', 'Test others tonight. Rate child theory subject can word him.', 'Lake Joshua', 394.49);
INSERT INTO Property (property_id, host_id, name, description, location, pricepernight) VALUES ('2ea5667f-ae58-4f5b-83b7-d740c9542740', '3ba123df-6396-47f2-a3cb-0d22d459032c', '37356 Gray Junctions, South Diane, AZ 74409', 'Positive program easy resource. Other represent southern enter. Rather happy player around.', 'South Samantha', 379.37);
INSERT INTO Property (property_id, host_id, name, description, location, pricepernight) VALUES ('5d65a319-458d-4ae7-b828-de732d0c351f', 'e235e573-e3b1-409b-a2b7-0d210a7fac0d', '7233 Alan Heights Apt. 938, South Jeremymouth, OR 93928', 'Accept population see top fire expect town. Knowledge during theory baby later father simple.', 'Lisashire', 323.15);
INSERT INTO Property (property_id, host_id, name, description, location, pricepernight) VALUES ('94a9db66-ec72-4370-848c-a09ee659a229', '1c743f2b-5059-45dd-a4e1-8a54baa23d2d', '073 Marissa Ports, East Laurafurt, NM 80136', 'Dog happen early reflect scene magazine smile must. Well rest career role weight event support.', 'North Stephen', 95.27);
INSERT INTO Property (property_id, host_id, name, description, location, pricepernight) VALUES ('428ce65f-a12c-4937-ac58-c3da2ad0c725', '50c868f3-e233-4eb9-9ca9-2d6956803a33', '7915 Sheryl Ports, Hillberg, WI 72331', 'Even care standard present station book by. Floor wear watch product who human.', 'Hansenville', 333.57);
INSERT INTO Property (property_id, host_id, name, description, location, pricepernight) VALUES ('4eb76780-f981-4907-bed0-69c9bdd34ae8', '7a061410-7f22-4d23-8f1f-a32a43a40c40', '7005 Ramsey Springs Suite 432, Colemanton, AR 57679', 'Your discussion already. Federal skin how over industry dark partner opportunity.', 'North Leonborough', 208.28);
INSERT INTO Property (property_id, host_id, name, description, location, pricepernight) VALUES ('52965612-1531-415e-ada4-7e1f3f369178', 'f680ddaf-9301-433c-a89a-dc3418017722', '6897 Mary Union Suite 845, South Andrewside, VI 04204', 'Should president real apply. Century dream yourself because.', 'Port Jessica', 187.18);
INSERT INTO Property (property_id, host_id, name, description, location, pricepernight) VALUES ('e6b0278c-5971-4fd3-a7f6-5f9a3df953f7', '32c44141-d021-47b5-adda-f363fdfef29a', '9753 Katrina Stravenue Suite 486, East Johnfurt, MO 52792', 'Pay until party reach. History these space.', 'New Adam', 393.69);
INSERT INTO Property (property_id, host_id, name, description, location, pricepernight) VALUES ('027410b4-b3e1-490b-b179-67c2db3d8fa2', '54cbbb98-f30d-47f3-bdad-d25212e7323c', 'PSC 3844, Box 2681, APO AE 54488', 'Along stuff have or various bed fast while. Front law forward key throughout table.', 'Port Christopherberg', 163.86);
INSERT INTO Property (property_id, host_id, name, description, location, pricepernight) VALUES ('393f705f-6401-48ab-b050-a8509a834bd5', '54cbbb98-f30d-47f3-bdad-d25212e7323c', '37988 Jaime Street, Andreahaven, MT 61035', 'Their win continue strategy. Hit effect watch answer raise author. Son figure entire.', 'North Renee', 430.75);
INSERT INTO Property (property_id, host_id, name, description, location, pricepernight) VALUES ('d3c035f8-9a64-42f0-a337-f8fce9847756', '2a1eafeb-951a-48e1-a85d-a7e2316ab83a', '6623 Steven River Apt. 837, Jonathanshire, MI 32250', 'Window when present language. Cause create anyone drop. Speak whatever impact apply understand.', 'Dannytown', 460.17);
INSERT INTO Property (property_id, host_id, name, description, location, pricepernight) VALUES ('ea78cc40-b4da-4750-99a6-fc6344d35c61', '9cc5504f-b141-431e-a2d0-59f89b017b3e', '624 David Lake, Kellibury, DE 98228', 'By training medical million five. There read hit.', 'New Michael', 494.37);
INSERT INTO Property (property_id, host_id, name, description, location, pricepernight) VALUES ('1b44876f-257a-4db1-92b0-844f0f99947f', '8c624138-a41b-4c9d-bd76-a4a1a09759e3', '46473 Amanda Rue, Suttonborough, PR 37305', 'View themselves try range visit.', 'Ronaldville', 408.83);
INSERT INTO Property (property_id, host_id, name, description, location, pricepernight) VALUES ('3f81d29d-4585-4d58-98e9-3e6cf2f4079b', '29e32e86-2d5b-410c-9aa2-9c766d4b39ed', '103 Mccormick Park, Smithside, NM 18439', 'Fear medical between change. Box school environmental point claim.', 'East Robert', 116.28);
INSERT INTO Property (property_id, host_id, name, description, location, pricepernight) VALUES ('622aaaf5-222e-44a9-9501-b321989a7c8f', '29e32e86-2d5b-410c-9aa2-9c766d4b39ed', '6689 Andrews Lodge, Arthurmouth, OR 07739', 'Need organization fill meet tax term attorney. News accept service ago money bit.', 'West Codyville', 251.24);
INSERT INTO Property (property_id, host_id, name, description, location, pricepernight) VALUES ('c5617675-53ee-4a3c-acea-6d0abeae34c0', 'c2ff18ad-ed5c-4fb0-a0a3-8d550780a289', '1386 Miller Spur Suite 963, Jacksonville, MT 98669', 'Office field partner professor up southern.', 'Johnsonmouth', 151.92);
INSERT INTO Property (property_id, host_id, name, description, location, pricepernight) VALUES ('4231b809-8bbe-4138-a13f-5d01164359d6', '512a8a41-360a-4802-92fa-a6e48b1e5a53', '437 Richard Circle, Lake Sydneyland, FM 96662', 'Red order former generation away early discover. Trip Mr ready technology partner perhaps.', 'Lake Evelynchester', 292.83);
INSERT INTO Property (property_id, host_id, name, description, location, pricepernight) VALUES ('904ddef2-a9de-46b6-827e-70bb956e2f48', '46cb8b94-da37-4098-8576-7081f5f22af6', '33417 Suzanne Gardens, Suetown, NC 81306', 'Bed seek commercial. Benefit require form alone interest.', 'Lake Martha', 66.2);
INSERT INTO Property (property_id, host_id, name, description, location, pricepernight) VALUES ('461adfd5-ad5d-4e03-a54b-6bc7f8578b5a', '6c1369e8-ca5e-4efb-b463-0b802683378b', 'PSC 2730, Box 1797, APO AE 05731', 'Reveal receive foot physical teach beautiful woman. Popular feeling still son medical.', 'North Elizabeth', 192.71);
INSERT INTO Property (property_id, host_id, name, description, location, pricepernight) VALUES ('6f212946-4c67-432f-82d6-056d981d9293', '4d2657fe-c696-4c66-8a43-5c1945bfdab0', '1870 Russell Freeway Apt. 557, Lindseyside, HI 41920', 'Without or she type market past money. Enough cultural friend upon wall. Society again feeling.', 'South Heidi', 61.49);
INSERT INTO Property (property_id, host_id, name, description, location, pricepernight) VALUES ('1723657a-697e-4d7a-b842-f760ec59af85', '39404a89-89a4-4638-9320-a44ec995073e', '5693 Allison Squares, Katelynland, LA 52520', 'Popular quality collection head daughter. Physical deep age.', 'Port Brandon', 239.45);
INSERT INTO Property (property_id, host_id, name, description, location, pricepernight) VALUES ('84d1a3bc-b3e1-4e98-aa27-811318f6205d', '77cf5087-91a2-4b6f-bcef-96b004b2a125', '543 Fritz Avenue, New Robertfort, ND 73487', 'Mrs space technology ahead moment focus. Court beautiful beautiful often head.', 'Erinshire', 360.34);
INSERT INTO Property (property_id, host_id, name, description, location, pricepernight) VALUES ('581fe855-96b9-44b9-86d7-ee694ab7a486', '87bb05ad-0630-4c02-a8a2-b86524993cc2', '03791 Abigail Pass Suite 819, Morganchester, WI 43242', 'Town always capital western majority perhaps. Purpose my push picture.', 'East Amy', 356.37);
INSERT INTO Property (property_id, host_id, name, description, location, pricepernight) VALUES ('14eb1297-bfd9-4c89-9dfe-998dc2a3d217', 'ea2b2c37-762e-4e53-943c-1b2ee38ff4be', '613 Brian Trail Suite 953, Nicholasburgh, OR 40354', 'Onto their morning such agree which sport. Now real yard third alone prove floor.', 'West Stephanie', 74.19);
INSERT INTO Property (property_id, host_id, name, description, location, pricepernight) VALUES ('73d0b710-febc-4f74-8338-b69e30fa0613', '59f89e08-5a42-4c04-8efa-140e15099dd0', 'USCGC Montoya, FPO AA 85921', 'Collection nature woman work. Physical beyond prove important see continue behavior see.', 'East Robertborough', 134.76);
INSERT INTO Property (property_id, host_id, name, description, location, pricepernight) VALUES ('5363871f-8d44-4134-aa7d-c5855a794a10', '8c624138-a41b-4c9d-bd76-a4a1a09759e3', 'USCGC Abbott, FPO AP 65535', 'Outside card out large process goal. Magazine various upon west. One cut ago imagine future.', 'North Alexanderland', 403.49);
INSERT INTO Property (property_id, host_id, name, description, location, pricepernight) VALUES ('7dc17721-bf9a-4715-b149-5d57e449f3ad', '478ef557-2f93-49b4-8f89-5e4830981d6a', '4002 Buck Knoll, Mejiashire, NE 70687', 'Right quite run those writer statement specific. Prevent low strategy few. If point take name.', 'Tiffanybury', 178.15);
INSERT INTO Property (property_id, host_id, name, description, location, pricepernight) VALUES ('eb1c4359-0013-49c8-b5b5-bab93cb5bf26', '830b767e-1974-484a-8e60-4e56cc45a581', '30680 Carroll Trail Suite 940, Cynthiahaven, WV 82702', 'Figure go drop clear air high truth.', 'Johnchester', 335.66);
INSERT INTO Property (property_id, host_id, name, description, location, pricepernight) VALUES ('d93470de-1b03-4c8f-83ec-b277347f3178', '2e2feaff-93af-4803-a868-038be911b173', '494 Crystal Drive, Lake Hannahville, ME 95242', 'Build environment paper. Go already huge network morning.', 'West Timothy', 133.96);
INSERT INTO Property (property_id, host_id, name, description, location, pricepernight) VALUES ('5bc07012-c3b5-4f61-a58c-fdbe684b4393', '852831af-9aec-4d16-a707-94a549ec6139', '328 Mckenzie Courts, Mirandachester, CT 72295', 'Manager no need teacher. System pass everybody true man pull mind.
Law technology national PM.', 'Quinnstad', 340.48);
INSERT INTO Property (property_id, host_id, name, description, location, pricepernight) VALUES ('869c5b2c-8fb6-4ab0-b30a-ce67b5322bce', 'd8ffa249-225b-4e33-a24b-a671b3ee54bd', '6535 Shannon Court Suite 436, Alexburgh, MN 29171', 'Poor hair billion husband medical.
Say key itself born possible kitchen.', 'New David', 76.08);
INSERT INTO Property (property_id, host_id, name, description, location, pricepernight) VALUES ('74158f52-d200-454b-abdd-d62764330073', '9aeeec96-31af-45f1-9680-ba65780fd651', 'Unit 0445 Box 5865, DPO AA 24248', 'Today as meeting. Data size trade agency anyone. Sound exactly reflect above.', 'South Ashley', 377.14);
INSERT INTO Property (property_id, host_id, name, description, location, pricepernight) VALUES ('d5db49d4-7c1f-4144-83d4-f48b0af6f257', '6d28d73d-ba75-45c4-948c-fb68bd21edbf', '55707 Brian Key, Lake Thomasborough, CT 13283', 'Wear trial expect reason work manager cover worker. School participant evidence million.', 'West Julie', 471.49);
INSERT INTO Property (property_id, host_id, name, description, location, pricepernight) VALUES ('8cbd26be-355f-457d-9fd3-fb2addc89160', '8455eac7-8bdd-4673-90a8-4f4dfe4f5991', '14799 Crawford Curve, New Hannah, ME 35537', 'Threat after real performance behind. Leave throw certainly miss music medical.', 'Stanleyview', 477.17);
INSERT INTO Property (property_id, host_id, name, description, location, pricepernight) VALUES ('b52c195c-5f56-4f5f-b16b-bbe2961d8da8', '512a8a41-360a-4802-92fa-a6e48b1e5a53', '280 Esparza Plains, Sheribury, MT 89429', 'Require agreement leg human compare partner.', 'Cummingsland', 194.68);
INSERT INTO Property (property_id, host_id, name, description, location, pricepernight) VALUES ('bb80f7a4-2a81-4844-918e-c3a981a0dce7', 'd4b7905b-9da4-495b-befa-4c5603076481', '46352 Charles Ways Apt. 624, Phillipsmouth, NC 93342', 'Value real will within. May let specific or her.', 'Woodardbury', 353.32);
INSERT INTO Property (property_id, host_id, name, description, location, pricepernight) VALUES ('6a593570-68b1-4dfa-b7fc-53a1c804b17e', '2765bcfc-5491-43d4-a499-77d06df32561', '7552 Christopher Fields Suite 730, Scottland, ID 88279', 'Pattern condition voice away green.', 'Port Tammy', 385.82);
INSERT INTO Property (property_id, host_id, name, description, location, pricepernight) VALUES ('0a97e08b-db79-43e7-9ba4-e3bb63b9a073', '9cc5504f-b141-431e-a2d0-59f89b017b3e', '2629 Kevin Mills Apt. 138, Juliefort, AS 25587', 'Both enter detail. Door water base less spend. Fill who official strong.', 'Jaredchester', 220.3);
INSERT INTO Property (property_id, host_id, name, description, location, pricepernight) VALUES ('1871625c-19a6-4d94-a167-1aa1d725de7d', 'bbc3f187-2eb9-408f-b044-d675ffc61637', '6499 Ashley Tunnel, Everettbury, MP 62661', 'Board increase simply fine assume behind life home. Cold he structure rise responsibility.', 'Paulport', 204.04);
INSERT INTO Property (property_id, host_id, name, description, location, pricepernight) VALUES ('0edc843a-4acd-4950-b169-22e2d96f63f6', '32c44141-d021-47b5-adda-f363fdfef29a', '187 Christopher Way, Lake Vanessaborough, SD 87403', 'Put coach media. Audience top group interview moment relationship also.', 'West Daleview', 361.52);
INSERT INTO Property (property_id, host_id, name, description, location, pricepernight) VALUES ('605e5205-f7b5-4633-8e95-cc4702035772', 'bbc3f187-2eb9-408f-b044-d675ffc61637', '614 Joanna Branch Suite 898, Fernandoshire, OH 98095', 'Leg next boy always just suddenly stage. Top citizen thousand assume still.', 'East Joanmouth', 110.86);
INSERT INTO Property (property_id, host_id, name, description, location, pricepernight) VALUES ('2897df41-2955-4d71-b727-a656649b377a', 'fe71be63-e1ec-4efd-bcfa-92d6b90e4e00', '60490 Miller Gateway, North Barbara, RI 43629', 'Others as maintain enjoy. Actually language size wonder hour success nation condition.', 'Lake Michael', 472.95);
INSERT INTO Property (property_id, host_id, name, description, location, pricepernight) VALUES ('6dad9fdf-e80b-4d93-9941-bd4438e4c548', '478ef557-2f93-49b4-8f89-5e4830981d6a', '79878 Valdez Corners, Everettburgh, AK 17993', 'Another two condition administration. Process billion leave. Produce cultural become everybody.', 'Sarahborough', 467.88);
INSERT INTO Property (property_id, host_id, name, description, location, pricepernight) VALUES ('c929f5ef-d5b6-442a-a67e-108ad268e59b', 'bbc3f187-2eb9-408f-b044-d675ffc61637', '91854 Jessica Overpass, Henryton, DC 70039', 'Instead region walk push actually page him. Born again doctor seat where one scientist.', 'Figueroaton', 490.27);
INSERT INTO Property (property_id, host_id, name, description, location, pricepernight) VALUES ('0bbe3798-dac2-4558-8f35-cc9a29c3a631', 'd2638c93-ed22-4f8f-9a40-ab904a3fadfb', '5600 Donald Lodge, Marshton, NV 28508', 'White color fine trip police picture. Stuff town car. Commercial democratic wish view cover last.', 'Port Randall', 456.61);
INSERT INTO Property (property_id, host_id, name, description, location, pricepernight) VALUES ('4e00b271-1cfe-40ff-8978-212371b62271', '4109d8c4-0e57-4781-a254-e519875991b3', '5337 Wesley Cliffs Suite 490, Port Christopherton, MS 50961', 'Wear many board executive address. West moment allow day better individual prove.', 'East Leslie', 177.26);
INSERT INTO Property (property_id, host_id, name, description, location, pricepernight) VALUES ('db52db9f-bf30-4696-be82-82d2f6e0b576', 'ecefec55-f3d5-4557-add0-118358a787e7', '7078 Glass Land Suite 789, Lake Amanda, LA 17851', 'Chair thank light when.
Tv him coach old.', 'Lake David', 190.52);
INSERT INTO Property (property_id, host_id, name, description, location, pricepernight) VALUES ('e83897f5-1710-40b2-a34b-7780a40c65df', '6c1369e8-ca5e-4efb-b463-0b802683378b', 'USS Wilson, FPO AA 42235', 'Garden bill conference administration every. Central see project affect PM which tax.', 'Lake Melinda', 178.59);
INSERT INTO Property (property_id, host_id, name, description, location, pricepernight) VALUES ('bf214817-c2d0-4b62-a6cf-72d433af1a9f', '1fe0c4c2-abff-47d5-aaa3-3e82cf6bbc24', '992 Davis Underpass, New Derrick, PA 44377', 'Consumer save great state rule. Reduce store wrong today. Animal offer entire establish baby scene.', 'Leslietown', 341.84);
INSERT INTO Property (property_id, host_id, name, description, location, pricepernight) VALUES ('8fb8da53-21ec-4903-a1b2-bc03ef4fd22e', 'd4b7905b-9da4-495b-befa-4c5603076481', '239 Ponce Gateway Apt. 290, Port Brian, MS 23044', 'Team peace often deep. Room start least eye. Situation because ability role able north manager.', 'Susanside', 239.48);
INSERT INTO Property (property_id, host_id, name, description, location, pricepernight) VALUES ('90d11399-fb39-4430-a7cd-5fede46d3d61', '2765bcfc-5491-43d4-a499-77d06df32561', '57764 Shane Junction Suite 473, Carterland, NJ 21192', 'Structure vote per back follow million put democratic. Hit person news could hot game shake.', 'Port Philip', 274.51);
INSERT INTO Property (property_id, host_id, name, description, location, pricepernight) VALUES ('f769f8da-5f1b-4b46-b22a-e08eb763c36b', '56980766-7519-4af8-963b-88e36d87a7bd', '2719 Chad Keys, Harrisville, NH 72638', 'Send pretty green relate catch increase. Country impact never modern camera activity whom.', 'Dennisshire', 209.39);
INSERT INTO Property (property_id, host_id, name, description, location, pricepernight) VALUES ('7c6d77ab-517e-4c38-8fd1-c380a2803930', 'f0493b8f-799c-4a0a-8e55-067ce274db47', '883 Beth Mall, West Helen, CO 23401', 'Decide to worry although animal decide bag. Sign appear lot pattern.', 'Duffyside', 203.23);
INSERT INTO Property (property_id, host_id, name, description, location, pricepernight) VALUES ('6ca30815-c10f-49ac-bb8a-e12be87ac386', '1fe0c4c2-abff-47d5-aaa3-3e82cf6bbc24', '24263 Jamie Key, Michelleside, MO 21148', 'Best item official seek. Why theory data finish.', 'Scottborough', 148.61);
INSERT INTO Property (property_id, host_id, name, description, location, pricepernight) VALUES ('38459f49-c551-4970-97ca-cf79125cef30', '9cc5504f-b141-431e-a2d0-59f89b017b3e', '297 Rebecca Place Apt. 994, North Joseside, WA 52499', 'Join entire inside phone would character phone officer. Reason star grow laugh military power.', 'New Christophershire', 255.8);
INSERT INTO Property (property_id, host_id, name, description, location, pricepernight) VALUES ('ffcd9475-ad33-4c76-b31a-2f765c9aa216', 'bbc3f187-2eb9-408f-b044-d675ffc61637', '728 Amy Expressway Suite 430, Lake Keith, CT 14797', 'Or building detail kind upon interest. Chair when another.', 'South Melissaview', 140.87);
INSERT INTO Property (property_id, host_id, name, description, location, pricepernight) VALUES ('3adc298f-4e5b-4766-8b4f-3d694016eab1', 'f44a8684-63a8-4188-a0db-e315fbb282a2', '39184 Annette Court Suite 776, Bryanport, NH 68116', 'Eight than ever discuss finish source analysis. Participant include whatever time send.', 'Jenniferview', 320.11);
INSERT INTO Property (property_id, host_id, name, description, location, pricepernight) VALUES ('710c6313-95a2-446a-8fbd-c1a776632da2', '3acce0bc-98a4-4db4-b60d-c6f460a38e8d', '020 Joel Prairie Suite 194, Brandyside, NE 71020', 'Prove glass out ball. Security else staff through situation station.', 'Wendyshire', 106.79);
INSERT INTO Property (property_id, host_id, name, description, location, pricepernight) VALUES ('d70b279d-b582-44e6-b398-21e3e635c0f8', '2e2feaff-93af-4803-a868-038be911b173', '4522 Fields Rapid Apt. 324, Cathyville, SC 23922', 'Training research term answer. Hand stage later read.', 'New Kellytown', 355.52);
INSERT INTO Property (property_id, host_id, name, description, location, pricepernight) VALUES ('dc44fc41-5be0-42dc-b17b-45eca3f86a38', '6a0d6cb9-d9f9-44d7-b075-34c796645be9', '19528 Jamie Club Apt. 745, Campbellland, WV 66572', 'They tonight hour must. Action owner without sure mission company. Rather get focus impact.', 'Lake Leslie', 134.83);
INSERT INTO Property (property_id, host_id, name, description, location, pricepernight) VALUES ('0c11a8b5-7816-4511-840d-5296f223fa7c', 'ecefec55-f3d5-4557-add0-118358a787e7', '55121 Lynch Ramp, Michaelland, DC 10883', 'About sure agency. Article smile above effect another determine management head.', 'East Barbaraville', 141.83);
INSERT INTO Property (property_id, host_id, name, description, location, pricepernight) VALUES ('bf922d9b-3155-4910-ad5f-f0c286e8a757', '79e75b16-91d7-41aa-9e66-cb315fd609ea', '144 Walker Prairie Apt. 165, Port Kathryn, CT 13602', 'Environmental accept employee leave option. Thousand certainly likely act show.', 'Port Stephen', 482.95);
INSERT INTO Property (property_id, host_id, name, description, location, pricepernight) VALUES ('6c287885-eb13-4446-98b1-7d96d9f61f0e', 'e235e573-e3b1-409b-a2b7-0d210a7fac0d', '1887 Cantrell Landing, South Kenneth, TN 69373', 'Send painting table imagine civil month yeah teach. Ready peace campaign you later sure push.', 'Kennethburgh', 400.92);
INSERT INTO Property (property_id, host_id, name, description, location, pricepernight) VALUES ('d85dbd8e-e5cd-4b05-9a44-35b8e2ba3aab', 'ea2b2c37-762e-4e53-943c-1b2ee38ff4be', '281 Carter Falls Suite 525, Johnborough, MA 32125', 'Area town southern raise concern. May power upon time.', 'West Lauraburgh', 350.55);
INSERT INTO Property (property_id, host_id, name, description, location, pricepernight) VALUES ('42a07e8f-572a-4a60-95ba-43b871cd33a0', '7a061410-7f22-4d23-8f1f-a32a43a40c40', '25683 Cox Springs Suite 984, West Brianstad, WY 17896', 'Market walk sister over feel wrong. These and amount eat together read.', 'Juliemouth', 403.94);
INSERT INTO Property (property_id, host_id, name, description, location, pricepernight) VALUES ('4460f550-11b0-4499-9af5-9c7642ccfb83', '478ef557-2f93-49b4-8f89-5e4830981d6a', 'Unit 2312 Box 6500, DPO AA 81608', 'Newspaper teacher today risk education one. Activity visit economy edge.', 'Rayfort', 84.76);
INSERT INTO Property (property_id, host_id, name, description, location, pricepernight) VALUES ('67f48ac3-39b4-47e4-af7b-3a320ece4231', '56980766-7519-4af8-963b-88e36d87a7bd', '26200 Moore Locks, South Susanville, DC 71614', 'Wall different manager help. The foot enter occur consumer away do. Stand policy community power.', 'Vanceborough', 315.77);
INSERT INTO Property (property_id, host_id, name, description, location, pricepernight) VALUES ('a84cc1a0-df0c-4ae3-96ba-e18205e15f2d', 'd8ffa249-225b-4e33-a24b-a671b3ee54bd', '8153 Kelley Lights Suite 878, Michaelmouth, MS 72753', 'Continue three yeah discover line. Girl family set without positive. Remember memory play.', 'Romeroside', 468.22);
INSERT INTO Property (property_id, host_id, name, description, location, pricepernight) VALUES ('46d8d4b4-c6da-442e-8f2d-6a57d76ef65d', '830b767e-1974-484a-8e60-4e56cc45a581', '39832 Michelle Square Apt. 385, Lake Susan, CO 88499', 'Federal main company watch painting stage. Paper thing series like under.', 'North Benjaminfurt', 219.31);
INSERT INTO Property (property_id, host_id, name, description, location, pricepernight) VALUES ('bc0cce61-f681-4390-b7b8-472f53ae41a1', '56980766-7519-4af8-963b-88e36d87a7bd', '122 Tanner Mill Suite 770, Jacobstown, UT 64638', 'Ground cut media score around. Debate better somebody find light.', 'West Rodneyside', 96.66);
INSERT INTO Property (property_id, host_id, name, description, location, pricepernight) VALUES ('80a7cdf1-a6ed-44a8-807b-4402fdf9a12b', '9aeeec96-31af-45f1-9680-ba65780fd651', '050 Daniel Forest, Jensenfort, SD 90400', 'Dream wrong item standard. Factor hard know law. Social serious consumer whatever which.', 'Mcmahonland', 214.71);
INSERT INTO Property (property_id, host_id, name, description, location, pricepernight) VALUES ('bb692336-02d3-4eb6-811c-0dc23eb384fd', '9a45c66f-7fa8-4440-acbb-4af1d60233c1', '054 Molina Forge, West Briannaland, MA 67665', 'Stock health bag. Ok admit now amount another.
Heart civil foot matter effect. Call stage bring.', 'Dianahaven', 98.87);
INSERT INTO Property (property_id, host_id, name, description, location, pricepernight) VALUES ('6de8ea51-0f79-4aca-9a73-2cf7bf6f28d3', 'ea2b2c37-762e-4e53-943c-1b2ee38ff4be', '691 Owen Hills, Bakerstad, WV 43232', 'Head control happy affect size. Country until others hot enter improve.', 'Garciamouth', 447.1);
INSERT INTO Property (property_id, host_id, name, description, location, pricepernight) VALUES ('d2df941a-2b39-46e5-b16c-ca982ae8a99e', '6c1369e8-ca5e-4efb-b463-0b802683378b', '97100 Carter Wall Suite 675, Jordanland, GA 22933', 'Parent civil field during Republican detail certain. Onto whatever character partner.', 'South Sergioton', 225.04);
INSERT INTO Property (property_id, host_id, name, description, location, pricepernight) VALUES ('5c80af03-a75c-4a6b-a52a-400e7d37d3e6', '4109d8c4-0e57-4781-a254-e519875991b3', 'USNV Frey, FPO AP 58708', 'Apply second health test. Personal life hear.', 'East Caitlin', 350.22);
INSERT INTO Property (property_id, host_id, name, description, location, pricepernight) VALUES ('c28b279d-5763-4aa0-9461-999f9a44d5ae', '79e75b16-91d7-41aa-9e66-cb315fd609ea', '9573 Harold Manors, Coxbury, MI 82631', 'Couple or customer exist attack.', 'Shawstad', 466.5);
INSERT INTO Property (property_id, host_id, name, description, location, pricepernight) VALUES ('bd5b2a07-1553-4c8c-bc60-510589ae4c6a', 'ea2b2c37-762e-4e53-943c-1b2ee38ff4be', '424 Taylor Loop, Lake Pamela, GA 91311', 'Central upon door knowledge material. Fish realize Congress war suggest.', 'West Hannahborough', 205.78);
INSERT INTO Property (property_id, host_id, name, description, location, pricepernight) VALUES ('a6d44c49-323e-42fe-9e8d-487f385c0f4b', 'f0493b8f-799c-4a0a-8e55-067ce274db47', '302 Benson Unions, East Sethshire, FM 39664', 'Decade want central probably some player soon spring. Human executive style interview.', 'Heatherside', 297.1);
INSERT INTO Property (property_id, host_id, name, description, location, pricepernight) VALUES ('6fe5cdb2-25fd-48a6-b19c-600186aca1fe', '1c743f2b-5059-45dd-a4e1-8a54baa23d2d', '527 Jimenez Cliffs Suite 761, Adrianview, MD 20007', 'Girl four total this factor. Red year ready weight house.', 'Jonesstad', 365.21);
INSERT INTO Property (property_id, host_id, name, description, location, pricepernight) VALUES ('324b2181-2866-4a2b-8a85-fcef06324262', '852831af-9aec-4d16-a707-94a549ec6139', '341 John Mount, New Annetteshire, NV 98053', 'Young record detail consider name. Skin strong high street just sign recent those.', 'Millerview', 363.24);
INSERT INTO Property (property_id, host_id, name, description, location, pricepernight) VALUES ('ccbe445c-5288-4a59-a8c8-99b1d3966299', '6c1369e8-ca5e-4efb-b463-0b802683378b', '29416 Lambert Via, Annettefurt, NV 13573', 'Him picture but guy claim party. Throughout natural commercial my. Put high event society fish.', 'Andrewport', 499.5);
INSERT INTO Property (property_id, host_id, name, description, location, pricepernight) VALUES ('5841a0b7-2d96-4c33-bb7a-145ae6c137ff', 'fe71be63-e1ec-4efd-bcfa-92d6b90e4e00', '533 Justin Ranch, Lake Jeremyshire, IA 20926', 'Do commercial analysis find buy after wide. Market investment drive open. College live affect data.', 'North Peterside', 62.7);
INSERT INTO Property (property_id, host_id, name, description, location, pricepernight) VALUES ('44679ae7-0d86-4635-a2ec-1ce48bf885bf', '852831af-9aec-4d16-a707-94a549ec6139', '451 Ashley Vista Apt. 188, Lake Rebecca, AK 81598', 'Certainly whatever again one too test like. Talk three without suddenly become stuff fear.', 'Smithshire', 91.05);
INSERT INTO Property (property_id, host_id, name, description, location, pricepernight) VALUES ('106a1fe4-d812-4d3a-8f21-045074863215', '4109d8c4-0e57-4781-a254-e519875991b3', '32206 Abigail Islands Suite 280, Davidstad, VT 37647', 'Suddenly indicate occur number. Trade our let. Adult bar before thousand.', 'Melindaside', 411.14);
INSERT INTO Property (property_id, host_id, name, description, location, pricepernight) VALUES ('344de796-c15b-4de4-b75d-400166a799d2', '512a8a41-360a-4802-92fa-a6e48b1e5a53', '1959 Jennifer Ford Suite 596, East Heidistad, OH 46969', 'Move choose start. Democrat game society voice both. Store government several early best have win.', 'South Madisonhaven', 331.6);
INSERT INTO Property (property_id, host_id, name, description, location, pricepernight) VALUES ('69857472-e522-488c-968a-d10bfb663c60', 'a946980e-2449-4bff-89cb-8fe5efe0b918', '450 Garrison Plains Suite 197, Obrienchester, WA 12998', 'Both behavior matter entire that loss this. Hotel evening stage rise alone ten until.', 'Bendertown', 97.35);
INSERT INTO Property (property_id, host_id, name, description, location, pricepernight) VALUES ('780c68ef-76c0-4428-80c2-0e521f3c3f68', 'd8f2ed9b-f09b-415b-8cdb-2e0e0a933e67', '0622 Contreras Throughway, Lake Daniel, MO 91132', 'Forget relate beautiful our rate woman.', 'Maysmouth', 451.49);
INSERT INTO Property (property_id, host_id, name, description, location, pricepernight) VALUES ('92eb098f-abdd-43ef-8f6d-d1b32ac97c36', '46cb8b94-da37-4098-8576-7081f5f22af6', '607 Hayes Corners, Port Maryside, UT 51706', 'Address recently all until fund past.
Room style wide air.', 'Leemouth', 451.89);
INSERT INTO Property (property_id, host_id, name, description, location, pricepernight) VALUES ('a1018b16-a395-4a6e-b78d-17d79af93dd4', '7a061410-7f22-4d23-8f1f-a32a43a40c40', '8548 Chambers Hollow Apt. 139, West Daniel, TX 89391', 'Born also scene economy million hear walk rest. Right one capital current spring participant.', 'North Steven', 405.62);
INSERT INTO Property (property_id, host_id, name, description, location, pricepernight) VALUES ('f1250f29-da6d-4245-9d8e-e40a9c44d0c1', '59f89e08-5a42-4c04-8efa-140e15099dd0', '6988 Michael Cape, Port Tammyville, MA 72939', 'Safe hit ground. Someone meet cell election area.
Sing just moment town.', 'Floresport', 377.5);
INSERT INTO Property (property_id, host_id, name, description, location, pricepernight) VALUES ('3f549de6-a9e3-4b26-95e7-24b46d5ce3f0', '1a9a696e-d1a3-467c-985b-a0ede83d271c', '36105 Oliver Corner Suite 832, East Andrewview, ND 59045', 'Offer nearly exist product act knowledge administration. Training know method cut evening rock.', 'Brianmouth', 74.33);
INSERT INTO Property (property_id, host_id, name, description, location, pricepernight) VALUES ('cfcc7e89-da7a-4038-b5c3-964d9795a91c', '478ef557-2f93-49b4-8f89-5e4830981d6a', '1076 Brenda Station Suite 959, Vargaston, VT 40835', 'These unit late old. Child west consider part cost bring recent. Yet live law.', 'Lake Laura', 314.78);
INSERT INTO Property (property_id, host_id, name, description, location, pricepernight) VALUES ('5bdd4afd-5f6a-4376-b06c-b764340ae075', '29e32e86-2d5b-410c-9aa2-9c766d4b39ed', '22506 Pamela Lakes, Jackstad, LA 75555', 'Soldier however turn fine. Control house sure win resource recently.', 'Riverastad', 317.75);
INSERT INTO Property (property_id, host_id, name, description, location, pricepernight) VALUES ('a0890208-0d7e-4b97-8d64-8fa0e124247c', 'f680ddaf-9301-433c-a89a-dc3418017722', '67468 Walter Villages Apt. 262, Brianport, MI 45406', 'Majority carry blue agent. Beat fill physical night clear note.', 'North Eric', 64.33);
INSERT INTO Property (property_id, host_id, name, description, location, pricepernight) VALUES ('19e60f19-a32b-4f9c-a515-48647044adcf', 'f44a8684-63a8-4188-a0db-e315fbb282a2', '290 Charles Spur Suite 053, South Danielchester, IL 31446', 'Guess again letter beautiful protect half to. Knowledge special respond just fine never report.', 'Johnstontown', 425.38);
INSERT INTO Property (property_id, host_id, name, description, location, pricepernight) VALUES ('e643bd21-7512-4da3-b796-b5f96e515cb1', 'f44a8684-63a8-4188-a0db-e315fbb282a2', '236 Jason Park Apt. 815, Justinview, NE 94118', 'Course Republican especially soon last. Vote size give bag strong say live system.', 'Elizabethbury', 432.67);
INSERT INTO Property (property_id, host_id, name, description, location, pricepernight) VALUES ('a647a402-4613-489c-8737-537e8a4a798f', '87bb05ad-0630-4c02-a8a2-b86524993cc2', '4947 Jason Fork, South Brandi, MS 92514', 'Kitchen Democrat way garden identify. Three design above option sister voice.', 'East Rebeccaview', 273.08);
INSERT INTO Property (property_id, host_id, name, description, location, pricepernight) VALUES ('881df4b7-4c3d-47d2-a274-5c65aa8c93f4', 'fe71be63-e1ec-4efd-bcfa-92d6b90e4e00', '263 Wheeler Wells, New Jeffery, NJ 68755', 'Share particular its leg social. Since bit rest seek example natural young. And prevent stand.', 'Tracyfurt', 425.35);
INSERT INTO Property (property_id, host_id, name, description, location, pricepernight) VALUES ('0f493b24-4bce-40f6-ab23-0ad0b3f0ac48', 'd8ffa249-225b-4e33-a24b-a671b3ee54bd', '006 Torres Knolls, Nicolefort, IA 52693', 'Share purpose service notice free figure. Just plant inside month way majority southern.', 'East Richardberg', 217.26);
INSERT INTO Property (property_id, host_id, name, description, location, pricepernight) VALUES ('13d96c88-c112-4662-9534-ed1e8ea3b52a', '59f89e08-5a42-4c04-8efa-140e15099dd0', '163 Oscar Views Suite 135, Alexandrastad, RI 79532', 'Spring church land every cost. Agreement back effort most report.', 'West Troy', 148.63);
INSERT INTO Property (property_id, host_id, name, description, location, pricepernight) VALUES ('6305a5ae-f1f2-4ca5-bbc4-aae8f9d3018c', '6a0d6cb9-d9f9-44d7-b075-34c796645be9', '327 Jacqueline Curve Suite 120, Cassandraside, IN 19219', 'Relationship some knowledge whom born matter question. Issue recognize station approach perform.', 'Clementsmouth', 218.48);
INSERT INTO Property (property_id, host_id, name, description, location, pricepernight) VALUES ('dea50cf2-b935-46a8-93cc-3503bb549fc1', '6d28d73d-ba75-45c4-948c-fb68bd21edbf', '677 Megan Islands, Ericview, OR 15164', 'Generation people risk actually include hear yes. Must any according knowledge who end matter.', 'Lauratown', 439.57);
INSERT INTO Property (property_id, host_id, name, description, location, pricepernight) VALUES ('a4a69334-9b0e-49b4-9326-b4dd62362daa', 'd8ffa249-225b-4e33-a24b-a671b3ee54bd', '102 Andrew Manors, West Tiffanyfurt, DC 35603', 'Board audience relationship lose.
Close quite since. Stock late local daughter go.', 'Lake Audrey', 444.34);
INSERT INTO Property (property_id, host_id, name, description, location, pricepernight) VALUES ('6a355266-7b2c-437d-a448-d2f65f72aefc', 'a946980e-2449-4bff-89cb-8fe5efe0b918', '74772 John Drive Apt. 354, Port Andrewstad, LA 30657', 'Instead behind crime number. Debate idea exist time rate operation various firm.', 'Tuckerfort', 432.53);
INSERT INTO Property (property_id, host_id, name, description, location, pricepernight) VALUES ('0ac67336-062e-4af3-bbe8-5266fb3cb100', '1c743f2b-5059-45dd-a4e1-8a54baa23d2d', 'Unit 1123 Box 8640, DPO AP 40556', 'Speech Republican trouble daughter certain answer think. Why computer even. Home sell work.', 'Port Susan', 403.69);
INSERT INTO Property (property_id, host_id, name, description, location, pricepernight) VALUES ('5b4008e4-c3a4-489d-b9c3-3714ebb1aa60', '5e638b3e-8fe5-4a40-9f88-31784ff6ef6f', '592 Christopher Drives Suite 034, North Connorfurt, NC 46343', 'Service able it million early serve article. Happy tell news police charge population this heavy.', 'Timothystad', 495.13);
INSERT INTO Property (property_id, host_id, name, description, location, pricepernight) VALUES ('fb3e3885-cbd5-4f97-b612-7b9680d9b630', '8c624138-a41b-4c9d-bd76-a4a1a09759e3', '854 Owens Plain, Duncanbury, NH 61136', 'So business approach do phone direction. Other before help house president Mr physical.', 'New Kristin', 285.1);
INSERT INTO Property (property_id, host_id, name, description, location, pricepernight) VALUES ('dc760baf-9c05-4c25-8bb7-bfd5aa33d89b', '50c868f3-e233-4eb9-9ca9-2d6956803a33', '5681 Annette Union Suite 087, Jessicaberg, WA 18691', 'One machine blue partner this describe fight. Force land remain. Raise speak century develop send.', 'Lake Samantha', 364.78);
INSERT INTO Property (property_id, host_id, name, description, location, pricepernight) VALUES ('9ea8722d-9839-4388-a0f1-0a770e4789ab', '48862db9-1666-427b-ae6f-b832a7e213c2', '29374 Toni Tunnel, Sarahside, WA 65611', 'Tonight water nothing benefit take near exactly.', 'Lake Charles', 493.45);
INSERT INTO Property (property_id, host_id, name, description, location, pricepernight) VALUES ('716f1648-10d3-4278-8180-a5dfdbde7ef4', '4d2657fe-c696-4c66-8a43-5c1945bfdab0', '6100 Richardson Island, West Brianshire, NC 95492', 'Cause how their of. Score during skill human mind kitchen.', 'Joditon', 107.77);
INSERT INTO Property (property_id, host_id, name, description, location, pricepernight) VALUES ('92ba5157-0954-4f9c-a9b7-54b915931e13', '852831af-9aec-4d16-a707-94a549ec6139', '8150 Scott Ridges, Nelsonland, MS 56561', 'Before very interview. Kitchen particularly term impact.', 'Port Sharonbury', 464.02);
INSERT INTO Property (property_id, host_id, name, description, location, pricepernight) VALUES ('bd44e530-9a9a-494e-9351-9f7500c52d83', '5f66de6c-bf98-4535-989b-87d1dd561b30', '081 Ochoa Coves Apt. 801, New Marc, NY 70397', 'Either herself condition be. Lay explain enough a.', 'Simontown', 181.23);
INSERT INTO Property (property_id, host_id, name, description, location, pricepernight) VALUES ('6a822308-2764-4324-9189-93a1e7073478', '39404a89-89a4-4638-9320-a44ec995073e', '56912 Chavez Terrace, Stevenburgh, WA 40916', 'Town threat season pretty. Product charge hour offer begin yourself.', 'East Mariah', 310.83);
INSERT INTO Property (property_id, host_id, name, description, location, pricepernight) VALUES ('8fcf20fc-3ff9-4cc5-98cb-fed6b31f8413', '512a8a41-360a-4802-92fa-a6e48b1e5a53', '7675 Andrea Plains, Kathyview, FM 88534', 'Feel decade which fact early great. Level upon movie add analysis.
Politics management service you.', 'New Melinda', 131.6);
INSERT INTO Property (property_id, host_id, name, description, location, pricepernight) VALUES ('123c04cb-f528-4ac4-b045-f96d49db8342', '57c5c9df-3517-427f-992d-e42fdb346252', '4139 Sanchez Hollow, Port Susanborough, PA 09489', 'Though play price by. Table pretty dog partner activity low again.', 'Travisborough', 414.47);
INSERT INTO Property (property_id, host_id, name, description, location, pricepernight) VALUES ('6bba5f34-e6bc-4dfb-a9e4-077f74a2295c', 'b4ae33a9-92ae-4bbb-98ea-56b47c7f8afc', '19236 Edwards Skyway Suite 887, New Sarah, IA 73005', 'Establish open when near. If beat risk play person success. Across option water lay south.', 'Alexandraport', 348.61);
INSERT INTO Property (property_id, host_id, name, description, location, pricepernight) VALUES ('125eec66-9c57-484d-94e5-475210f8df7d', '478ef557-2f93-49b4-8f89-5e4830981d6a', '55670 Benjamin Freeway, Lake Mark, NC 86464', 'Parent think charge become it. Shake free eight view. With blood himself return condition hit.', 'Amandamouth', 406.59);
INSERT INTO Property (property_id, host_id, name, description, location, pricepernight) VALUES ('c6e956ae-d7cc-4132-a289-8953f0d8ae43', 'f0493b8f-799c-4a0a-8e55-067ce274db47', '365 Diana Pike Apt. 261, East Lesliefurt, CT 64822', 'Might present ground speak force material imagine. Cause even friend a company way whether.', 'Robertborough', 285.54);
INSERT INTO Property (property_id, host_id, name, description, location, pricepernight) VALUES ('685318fb-5d64-44cf-8f20-5fb25df6e898', 'd2638c93-ed22-4f8f-9a40-ab904a3fadfb', '016 Audrey Oval, East Annette, PA 62814', 'System PM industry type condition provide five. Son civil current ball. Film help yes out trip.', 'Rodriguezfurt', 240.48);
INSERT INTO Property (property_id, host_id, name, description, location, pricepernight) VALUES ('41e049a0-98ac-4142-846d-dc9cb2928606', '85dbe46d-d5f4-4fdc-b9d9-7be807df25a8', '223 Irwin Shore Suite 037, Lake Sharonhaven, DC 58851', 'Not show eight activity.', 'Lake Caleb', 207.55);
INSERT INTO Property (property_id, host_id, name, description, location, pricepernight) VALUES ('2daf7d4e-3105-4008-87c9-833baabd172c', '56980766-7519-4af8-963b-88e36d87a7bd', '6369 Johnson Stravenue, West Connie, CA 48883', 'Ahead marriage many himself with task. Fly green chair. Bad strategy director debate beautiful eat.', 'Davisfurt', 364.16);
INSERT INTO Property (property_id, host_id, name, description, location, pricepernight) VALUES ('1a138341-8659-4b05-8267-92b6f6b1f58d', 'd8ffa249-225b-4e33-a24b-a671b3ee54bd', '96208 Nicole Brooks Suite 516, Andersonfort, MS 28913', 'Pass since us control when voice. Difference sing fill threat.', 'Lisaville', 323.06);
INSERT INTO Property (property_id, host_id, name, description, location, pricepernight) VALUES ('f2759549-e458-4c3a-9ff7-ee283b224eff', '3acce0bc-98a4-4db4-b60d-c6f460a38e8d', '84085 Allen Island Suite 438, Jessicafort, FL 34225', 'Cup fight personal marriage section. Smile activity month involve democratic measure.', 'Jasontown', 363.07);
INSERT INTO Property (property_id, host_id, name, description, location, pricepernight) VALUES ('9c1b4b2f-3346-4630-8662-8ec537c5ec5c', '7a061410-7f22-4d23-8f1f-a32a43a40c40', '32168 Nicole Union, East Kristin, SD 97473', 'Seven right hour popular. Offer dinner she finish leg send.', 'Lake Aaron', 185.6);
INSERT INTO Property (property_id, host_id, name, description, location, pricepernight) VALUES ('86a746b8-d808-4875-9c6a-5b910490a3d4', '9551d3cc-d3ce-4622-85b8-64d383c5469d', '0838 Kayla Cliffs Apt. 113, Clarkbury, IA 62860', 'Nature test our. View without send how movie game development. Bad ever able style environmental.', 'East Andrewville', 309.02);
INSERT INTO Property (property_id, host_id, name, description, location, pricepernight) VALUES ('5a6ea1fd-0c82-4e66-928d-9615d434e1a3', '6c9b52f8-6aba-444e-b2ce-83197967b048', '43737 Bennett Passage, South Steve, GA 83762', 'Less quite hold today character. System where assume shoulder. Local according range later.', 'Smithfurt', 403.78);
INSERT INTO Property (property_id, host_id, name, description, location, pricepernight) VALUES ('f3ea78cf-d8d8-4870-b8b9-38cfc06313c6', '46cb8b94-da37-4098-8576-7081f5f22af6', '083 White Port Suite 071, New Erikborough, IA 90831', 'Cover dream claim three fast. Partner set military.', 'Johnsonville', 401.92);
INSERT INTO Property (property_id, host_id, name, description, location, pricepernight) VALUES ('529bfc96-7f28-4f41-84b4-821e7adb3330', 'a946980e-2449-4bff-89cb-8fe5efe0b918', '844 Brittany Run, East Jenniferstad, DC 79316', 'Fall record own full hard site. Respond indicate opportunity church century.', 'West Lisaberg', 88.24);
INSERT INTO Property (property_id, host_id, name, description, location, pricepernight) VALUES ('392d4ead-01c1-4d77-9c67-80a8e0e98a65', 'c2ff18ad-ed5c-4fb0-a0a3-8d550780a289', '11133 Virginia Ville, Port Philipview, AR 55048', 'Wear house pull red behavior fear likely. Trip degree soldier by agreement shoulder high size.', 'East Evelynside', 491.36);
INSERT INTO Property (property_id, host_id, name, description, location, pricepernight) VALUES ('5fa99ad7-d11c-4842-b8b8-a3ef4e29b04e', 'd2638c93-ed22-4f8f-9a40-ab904a3fadfb', '652 Brian Tunnel Suite 437, New Allenborough, FM 27778', 'Treatment against scientist course himself talk because. Today everyone follow trip.', 'Travisland', 209.38);
INSERT INTO Property (property_id, host_id, name, description, location, pricepernight) VALUES ('35375cc7-058a-44f8-b42d-f50ae31ea877', '9aeeec96-31af-45f1-9680-ba65780fd651', '8704 Joseph Meadow, Monicastad, GA 89454', 'List plan agency. Fast street toward by.', 'Jacquelinemouth', 132.88);
INSERT INTO Property (property_id, host_id, name, description, location, pricepernight) VALUES ('9935f49a-ca19-42e0-a074-379b89118129', '4d2657fe-c696-4c66-8a43-5c1945bfdab0', '461 Valerie Mountains Apt. 176, New Elaineland, NY 31967', 'Occur building brother break. Blood night science listen.', 'East Mary', 287.75);
INSERT INTO Property (property_id, host_id, name, description, location, pricepernight) VALUES ('a1edfd6a-236c-4cb6-8187-99413cc5dda0', '070d8c34-2a69-447b-b891-1328acf40e5d', '0024 Patricia Squares, New George, SD 37931', 'Hear discover research cultural. Almost create smile claim community class.', 'Richardland', 349.91);
INSERT INTO Property (property_id, host_id, name, description, location, pricepernight) VALUES ('23676f33-9793-484f-a9e4-92770c450861', 'ecefec55-f3d5-4557-add0-118358a787e7', '80243 Cody Squares Suite 077, Port Megan, NJ 42343', 'Discuss money pick couple know. Situation necessary positive level free stage.', 'Keithville', 95.46);
INSERT INTO Property (property_id, host_id, name, description, location, pricepernight) VALUES ('d098f274-efd6-4d6f-be42-77516a968e45', '070d8c34-2a69-447b-b891-1328acf40e5d', '3312 Michelle Mill, Monicamouth, KY 62751', 'Although back mind stuff friend walk. Take strategy school. Institution study capital front part.', 'Jennifermouth', 150.76);
INSERT INTO Property (property_id, host_id, name, description, location, pricepernight) VALUES ('44b1ac53-aa11-4d83-a04c-92f465b8e06f', '85dbe46d-d5f4-4fdc-b9d9-7be807df25a8', '56369 Michael Forge Apt. 084, Johnburgh, HI 19640', 'Can culture main at.
Charge part manage officer law degree. Agent morning factor recent.', 'North Ericview', 422.79);
INSERT INTO Property (property_id, host_id, name, description, location, pricepernight) VALUES ('72c053d6-4c82-4423-8114-5c8d1e98bad0', 'd8ffa249-225b-4e33-a24b-a671b3ee54bd', '27700 Davis Canyon, South Kevin, AS 55788', 'Camera live less today possible. Blood glass kind mention. New health protect store door.', 'Joneschester', 154.25);
INSERT INTO Property (property_id, host_id, name, description, location, pricepernight) VALUES ('11d5b88e-1533-4eb8-a529-e008eee4cdc1', '852831af-9aec-4d16-a707-94a549ec6139', '836 Christina Field Suite 224, New Heather, VT 12011', 'Agree you white answer.', 'Port Stephanieville', 373.62);
INSERT INTO Property (property_id, host_id, name, description, location, pricepernight) VALUES ('4805b907-1665-4a25-9805-80fbb8d0e4d8', '56980766-7519-4af8-963b-88e36d87a7bd', '72858 Solomon Squares Apt. 702, Port Maryland, CT 49461', 'It produce kid. Instead read field avoid senior inside.', 'Morrisside', 379.06);
INSERT INTO Property (property_id, host_id, name, description, location, pricepernight) VALUES ('591a3fb8-7650-4a63-95ad-db9836687787', '77cf5087-91a2-4b6f-bcef-96b004b2a125', '60172 Paul Neck Suite 118, Brownburgh, AK 97616', 'Magazine conference huge. Brother city level these.', 'Lake Johnshire', 260.29);
INSERT INTO Property (property_id, host_id, name, description, location, pricepernight) VALUES ('91dd89f4-a712-49a5-9ac5-c59f74f06907', '7a061410-7f22-4d23-8f1f-a32a43a40c40', '8864 Joseph Way Apt. 896, Raybury, DE 57230', 'Hair imagine put lot attorney. Note water goal spring audience. Trouble important away age.', 'Rossmouth', 347.77);
INSERT INTO Property (property_id, host_id, name, description, location, pricepernight) VALUES ('43d1f86c-64f2-44ad-9865-fc6414e85348', '852831af-9aec-4d16-a707-94a549ec6139', '333 Melissa Mountains, North Christina, NV 88873', 'Work strong Democrat around magazine. Raise I fast begin. Stand factor leave item.', 'Lake Robert', 212.24);
INSERT INTO Property (property_id, host_id, name, description, location, pricepernight) VALUES ('e289f165-25f0-4b76-826a-f4d7a388d491', '29e32e86-2d5b-410c-9aa2-9c766d4b39ed', '09211 Douglas Flat, Maryview, OR 36973', 'Along note easy second from. Government course pattern. Arm quite hot throughout best follow.', 'North Christopherton', 80.66);
INSERT INTO Property (property_id, host_id, name, description, location, pricepernight) VALUES ('69b12c1f-e25a-4efa-a234-a8df92002fe2', '29e32e86-2d5b-410c-9aa2-9c766d4b39ed', '014 Lutz Stream, Carrillochester, NE 71212', 'Hold like computer they local. Trouble crime ever probably third.', 'Port Emily', 423.45);
INSERT INTO Property (property_id, host_id, name, description, location, pricepernight) VALUES ('e3fd737a-8ccb-4bf9-9501-2a70c1711491', '9aeeec96-31af-45f1-9680-ba65780fd651', '5812 Mitchell Summit, New Christopherport, MN 56931', 'Person music policy girl own then security.', 'Marshport', 222.72);
INSERT INTO Property (property_id, host_id, name, description, location, pricepernight) VALUES ('1b04cc10-9105-4fea-8563-715c21274542', 'd8f2ed9b-f09b-415b-8cdb-2e0e0a933e67', '92599 Rodriguez Road Apt. 622, Perrymouth, PR 44209', 'Few choice alone education resource sea.', 'East Lindseymouth', 179.14);
INSERT INTO Property (property_id, host_id, name, description, location, pricepernight) VALUES ('af3c3320-3d3a-410d-a5c6-75f4a76dc445', '87bb05ad-0630-4c02-a8a2-b86524993cc2', '2436 Ronald Overpass, Andradeville, NJ 60179', 'Drug former chance speak. Scientist campaign begin student body.', 'Rosalesport', 481.62);
INSERT INTO Property (property_id, host_id, name, description, location, pricepernight) VALUES ('8341d07f-bb69-4b8d-8a6f-d5617fee5bc3', '46cb8b94-da37-4098-8576-7081f5f22af6', '79920 Donaldson Turnpike Apt. 955, East Deborah, ID 95066', 'Near response reach fly. Question under somebody later interview way cover. Economy sure anyone.', 'New Brittanyberg', 144.01);
INSERT INTO Property (property_id, host_id, name, description, location, pricepernight) VALUES ('840fdf6c-d771-4723-a94f-a25da904747b', '9cc5504f-b141-431e-a2d0-59f89b017b3e', '0717 Torres Canyon Apt. 535, Port Brittany, ND 45783', 'Beautiful certain five today minute behavior. Just line people stage west then.', 'New Joshua', 117.95);
INSERT INTO Property (property_id, host_id, name, description, location, pricepernight) VALUES ('7b369677-41ad-4d08-a35b-5c9a237e8c93', 'e235e573-e3b1-409b-a2b7-0d210a7fac0d', 'USNS Escobar, FPO AA 45071', 'Consumer three sure example beautiful character firm whole. Past degree power for. Catch late them.', 'Wagnerview', 59.91);
INSERT INTO Property (property_id, host_id, name, description, location, pricepernight) VALUES ('398d75bd-2479-4c6e-8b11-2f01a3071540', '852831af-9aec-4d16-a707-94a549ec6139', '2562 Alyssa Center, Port Alexisfort, NE 52803', 'Nor radio hair suggest effect television. Bar at plant quickly option rock. Meet himself add each.', 'Smithtown', 145.94);
INSERT INTO Property (property_id, host_id, name, description, location, pricepernight) VALUES ('ed213c2f-9074-404c-a5fa-9b817e7193d5', '6d28d73d-ba75-45c4-948c-fb68bd21edbf', '4577 Hurst Greens Apt. 146, Cameronshire, FM 13971', 'Minute speak hope when. Oil actually sign off. Anyone speech social toward letter.', 'Bakerchester', 112.94);
INSERT INTO Property (property_id, host_id, name, description, location, pricepernight) VALUES ('041e2652-5da5-48b2-b23c-225ab44731d2', '6c9b52f8-6aba-444e-b2ce-83197967b048', '785 Mercedes Highway Suite 268, East Cheryl, AK 22798', 'Ahead peace her. Thought support also relate good western.', 'Marymouth', 322.54);
INSERT INTO Property (property_id, host_id, name, description, location, pricepernight) VALUES ('b7011c5a-d254-4e0b-a9e0-34a9e5501b98', 'aa8fc159-a7bf-4d48-a730-4981c7b2e4d6', 'Unit 1885 Box 2545, DPO AA 60100', 'Range plant crime time night walk. Involve evening change establish ability.', 'Lake Brenda', 247.55);
INSERT INTO Property (property_id, host_id, name, description, location, pricepernight) VALUES ('fc1e7e8f-dfa9-4d66-accb-7c9fb9317d29', '79e75b16-91d7-41aa-9e66-cb315fd609ea', '33265 David Prairie, West Michaelview, AK 04040', 'Bar real town almost discussion bag. Plant then particular nation only natural training.', 'North Grace', 277.55);
INSERT INTO Property (property_id, host_id, name, description, location, pricepernight) VALUES ('e6901428-ad3f-4f3f-a804-e5eb4abb93fa', 'd8ffa249-225b-4e33-a24b-a671b3ee54bd', '02069 Hopkins Island Apt. 104, Maryport, KY 77939', 'Perhaps sort government have doctor treat. If level arrive deal allow always well.', 'Walkerchester', 367.06);
INSERT INTO Property (property_id, host_id, name, description, location, pricepernight) VALUES ('bcc22755-9b61-47c6-856d-c66b91d653ad', '2e2feaff-93af-4803-a868-038be911b173', '53164 Anna Expressway Apt. 719, West Cynthiachester, OR 77700', 'Same from body view along. Moment artist positive film view on deep.', 'East Jacobmouth', 210.72);
INSERT INTO Property (property_id, host_id, name, description, location, pricepernight) VALUES ('a150bbb1-eeeb-48e4-ade2-280acbddd17d', '9551d3cc-d3ce-4622-85b8-64d383c5469d', '351 Green Island, Derrickfurt, DC 54043', 'Over writer pass return control trouble girl. Job similar compare second election easy happen.', 'Port Jamesstad', 71.35);

-- Bookings
INSERT INTO Booking (booking_id, property_id, user_id, start_date, end_date, total_price, status) VALUES ('59bc3946-4593-4d04-b78e-c1efb0ba52b9', '3adc298f-4e5b-4766-8b4f-3d694016eab1', 'fc7d34d5-3ba9-4967-a685-76f37693d1be', '2024-06-12', '2024-09-13', 1894.09, 'confirmed');
INSERT INTO Booking (booking_id, property_id, user_id, start_date, end_date, total_price, status) VALUES ('6a07f53b-6d49-4749-8cd5-4a546b23e2bc', 'f3725ef6-6b71-44c9-835f-7cb119a39c60', '67bb3849-e55d-4f61-820b-b8b10902c5a9', '2025-04-01', '2025-05-02', 3075.09, 'canceled');
INSERT INTO Booking (booking_id, property_id, user_id, start_date, end_date, total_price, status) VALUES ('8bf5d01b-545b-42d5-bf9a-661b4daa8952', '6dad9fdf-e80b-4d93-9941-bd4438e4c548', 'e4078e65-1c9a-4206-8f33-72862d5b1e37', '2024-07-25', '2025-01-27', 2415.07, 'confirmed');
INSERT INTO Booking (booking_id, property_id, user_id, start_date, end_date, total_price, status) VALUES ('bcfdc1d8-cb34-4343-a60f-c106ccd2a8ce', '393f705f-6401-48ab-b050-a8509a834bd5', '9aeeec96-31af-45f1-9680-ba65780fd651', '2024-12-30', '2025-05-28', 2525.9, 'confirmed');
INSERT INTO Booking (booking_id, property_id, user_id, start_date, end_date, total_price, status) VALUES ('cd313bd6-3ac0-4321-8e0b-becf57b7b409', 'bcc22755-9b61-47c6-856d-c66b91d653ad', '39404a89-89a4-4638-9320-a44ec995073e', '2025-03-02', '2025-04-10', 1857.11, 'confirmed');
INSERT INTO Booking (booking_id, property_id, user_id, start_date, end_date, total_price, status) VALUES ('e8e3ca06-843a-4b83-9d61-e49211aae4f9', 'bc0cce61-f681-4390-b7b8-472f53ae41a1', '52aba5d0-2dd6-4865-8002-ca6fd5e36052', '2025-03-11', '2025-06-09', 3524.15, 'pending');
INSERT INTO Booking (booking_id, property_id, user_id, start_date, end_date, total_price, status) VALUES ('ba330aaf-6bc7-493e-93ae-ab4dfa45987d', 'd95d2261-1b40-4ce5-a176-773d261c9384', 'e613fa5c-50cc-472e-abde-8c96e7be3a4f', '2025-02-05', '2025-05-31', 1062.75, 'pending');
INSERT INTO Booking (booking_id, property_id, user_id, start_date, end_date, total_price, status) VALUES ('4207a9b3-898d-4d1e-b069-8a3279e5c70d', 'a150bbb1-eeeb-48e4-ade2-280acbddd17d', 'e4078e65-1c9a-4206-8f33-72862d5b1e37', '2024-08-13', '2025-02-02', 2953.58, 'confirmed');
INSERT INTO Booking (booking_id, property_id, user_id, start_date, end_date, total_price, status) VALUES ('5252f2e8-b1f9-4906-b79d-d76d89f366f8', 'dea50cf2-b935-46a8-93cc-3503bb549fc1', '54255124-fe05-4bde-9906-600391b73c50', '2024-06-01', '2025-06-03', 1382.23, 'pending');
INSERT INTO Booking (booking_id, property_id, user_id, start_date, end_date, total_price, status) VALUES ('cda3d00f-d065-42f3-8114-eafd6c3fe652', '84d1a3bc-b3e1-4e98-aa27-811318f6205d', 'd22befd8-260a-4b5c-b095-3bb932d051c0', '2025-02-14', '2025-04-24', 4358.91, 'pending');
INSERT INTO Booking (booking_id, property_id, user_id, start_date, end_date, total_price, status) VALUES ('8b224af2-2780-4ba3-a451-829473c68046', '529bfc96-7f28-4f41-84b4-821e7adb3330', '366f2739-c10d-4bb1-b389-dcce1960fcf0', '2025-03-17', '2025-06-13', 3789.92, 'confirmed');
INSERT INTO Booking (booking_id, property_id, user_id, start_date, end_date, total_price, status) VALUES ('a23bdca6-d307-427f-964a-e9f55fb17044', 'b52c195c-5f56-4f5f-b16b-bbe2961d8da8', 'e947c218-92af-4ebd-90e3-0d28225daf18', '2024-09-23', '2024-12-13', 1997.29, 'canceled');
INSERT INTO Booking (booking_id, property_id, user_id, start_date, end_date, total_price, status) VALUES ('c177d79f-75b9-4fd2-8c98-ef2181cf8e1e', 'd098f274-efd6-4d6f-be42-77516a968e45', '75f874b7-d075-4191-a111-2eda7dbef3df', '2024-12-19', '2025-02-08', 1902.8, 'pending');
INSERT INTO Booking (booking_id, property_id, user_id, start_date, end_date, total_price, status) VALUES ('a1140116-de69-492c-8629-009b40ebfed8', '881df4b7-4c3d-47d2-a274-5c65aa8c93f4', 'f44a8684-63a8-4188-a0db-e315fbb282a2', '2025-04-21', '2025-05-24', 937.77, 'confirmed');
INSERT INTO Booking (booking_id, property_id, user_id, start_date, end_date, total_price, status) VALUES ('413cdf61-8f31-4174-95a6-2439a6354b8b', '6dad9fdf-e80b-4d93-9941-bd4438e4c548', '32c44141-d021-47b5-adda-f363fdfef29a', '2025-01-06', '2025-05-01', 3966.36, 'pending');
INSERT INTO Booking (booking_id, property_id, user_id, start_date, end_date, total_price, status) VALUES ('0fbbc581-3cf6-4a1b-98be-196df1017d34', '6c287885-eb13-4446-98b1-7d96d9f61f0e', '7a03f658-e6f2-4d38-8baa-9d519e5caf8f', '2024-07-13', '2025-05-09', 1673.32, 'pending');
INSERT INTO Booking (booking_id, property_id, user_id, start_date, end_date, total_price, status) VALUES ('5612f648-02b9-4e64-9a04-0c93ea92af49', '84d1a3bc-b3e1-4e98-aa27-811318f6205d', '763bb578-5793-4303-aeb0-28232341c807', '2025-02-27', '2025-04-11', 2637.63, 'confirmed');
INSERT INTO Booking (booking_id, property_id, user_id, start_date, end_date, total_price, status) VALUES ('2c8068cd-ffc0-42cb-964a-9a344aebffb2', '19e60f19-a32b-4f9c-a515-48647044adcf', '070d8c34-2a69-447b-b891-1328acf40e5d', '2024-12-04', '2025-04-09', 4692.18, 'canceled');
INSERT INTO Booking (booking_id, property_id, user_id, start_date, end_date, total_price, status) VALUES ('9b2d1a5d-63b2-4e14-b8a2-ae35510e1233', 'c929f5ef-d5b6-442a-a67e-108ad268e59b', '3acce0bc-98a4-4db4-b60d-c6f460a38e8d', '2024-06-29', '2025-01-01', 2152.11, 'canceled');
INSERT INTO Booking (booking_id, property_id, user_id, start_date, end_date, total_price, status) VALUES ('0cadb8b9-35ff-46ad-8795-53d7316a4db4', 'a1edfd6a-236c-4cb6-8187-99413cc5dda0', 'd8f2ed9b-f09b-415b-8cdb-2e0e0a933e67', '2024-05-28', '2024-08-23', 4272.27, 'confirmed');
INSERT INTO Booking (booking_id, property_id, user_id, start_date, end_date, total_price, status) VALUES ('1a9f5825-1649-478c-bac9-881842ed18ec', '1f58cc03-d788-461a-b205-816df085f26a', '23ca642f-baa7-4917-b12b-977dcab589c6', '2025-02-16', '2025-03-07', 3746.09, 'pending');
INSERT INTO Booking (booking_id, property_id, user_id, start_date, end_date, total_price, status) VALUES ('2a38a701-2e80-4484-8a32-ae1ad301a755', '2de09c94-0c4e-4947-a33c-0ed93073527c', 'd45ef3ff-e4a5-40e4-97d7-152643d65c16', '2024-11-06', '2025-04-06', 2189.06, 'confirmed');
INSERT INTO Booking (booking_id, property_id, user_id, start_date, end_date, total_price, status) VALUES ('f758b2db-be7a-4d73-b306-ba571ef3750d', '3f549de6-a9e3-4b26-95e7-24b46d5ce3f0', '5e638b3e-8fe5-4a40-9f88-31784ff6ef6f', '2024-10-13', '2025-02-02', 568.85, 'confirmed');
INSERT INTO Booking (booking_id, property_id, user_id, start_date, end_date, total_price, status) VALUES ('19bd833b-4f43-42e0-aeae-7f3863e756aa', 'c6e956ae-d7cc-4132-a289-8953f0d8ae43', 'aa8fc159-a7bf-4d48-a730-4981c7b2e4d6', '2024-05-30', '2025-02-14', 1347.23, 'pending');
INSERT INTO Booking (booking_id, property_id, user_id, start_date, end_date, total_price, status) VALUES ('07a3c285-fff6-4688-a4ad-c5e7b90c4f17', '52965612-1531-415e-ada4-7e1f3f369178', 'f680ddaf-9301-433c-a89a-dc3418017722', '2024-09-17', '2024-11-29', 1976.15, 'confirmed');
INSERT INTO Booking (booking_id, property_id, user_id, start_date, end_date, total_price, status) VALUES ('57b916fc-5a8f-4d9a-a49b-497becd48429', '462aaa3b-b006-4f09-9ff9-a13117fc54c7', '909fc171-a57d-4f03-ae4b-e78ec82c0efb', '2024-07-03', '2024-08-07', 1315.53, 'pending');
INSERT INTO Booking (booking_id, property_id, user_id, start_date, end_date, total_price, status) VALUES ('d17971cd-bb4a-4963-ab14-1e110d84fd41', '4eb76780-f981-4907-bed0-69c9bdd34ae8', '2873468a-ffe2-4aff-b043-0c225f16c70f', '2024-10-24', '2025-03-13', 951.68, 'confirmed');
INSERT INTO Booking (booking_id, property_id, user_id, start_date, end_date, total_price, status) VALUES ('44115567-4725-45e0-9988-0fc625c016a4', 'd95d2261-1b40-4ce5-a176-773d261c9384', '7cf7062d-94f4-48d1-9020-2a031e03934e', '2024-10-19', '2025-04-11', 3405.0, 'pending');
INSERT INTO Booking (booking_id, property_id, user_id, start_date, end_date, total_price, status) VALUES ('2200f268-a04c-41e3-86af-412d5b21dbe8', 'e4c83c1f-249b-4838-a475-6c16b713d9b1', '3d16e843-1356-42d8-8c4b-0d4bd22350ca', '2024-11-16', '2024-11-26', 4120.04, 'pending');
INSERT INTO Booking (booking_id, property_id, user_id, start_date, end_date, total_price, status) VALUES ('458e08f2-291a-4cb0-b641-a041e43da2db', 'c5617675-53ee-4a3c-acea-6d0abeae34c0', '29cbfe57-ca91-4c8b-ad3e-d6716c5324db', '2024-09-09', '2025-01-10', 4728.33, 'pending');
INSERT INTO Booking (booking_id, property_id, user_id, start_date, end_date, total_price, status) VALUES ('5e233c3f-9dd7-4f30-9aac-a5dc5ca42d26', '7b369677-41ad-4d08-a35b-5c9a237e8c93', 'acb4d06f-6999-4d2e-beea-cd235acc56cb', '2024-06-20', '2025-05-25', 2140.8, 'confirmed');
INSERT INTO Booking (booking_id, property_id, user_id, start_date, end_date, total_price, status) VALUES ('ad9c1ef0-eec2-4299-9f68-2076b330e766', 'adf0aa1e-0692-4ebb-ad79-dfef898787de', '909fc171-a57d-4f03-ae4b-e78ec82c0efb', '2024-11-22', '2025-01-07', 1959.2, 'canceled');
INSERT INTO Booking (booking_id, property_id, user_id, start_date, end_date, total_price, status) VALUES ('a67cfe8e-1276-4f62-a3a4-978f6e9bf16a', '42a07e8f-572a-4a60-95ba-43b871cd33a0', '524b80d9-120a-4ac0-9eef-7a408943a181', '2025-02-13', '2025-04-23', 2783.42, 'canceled');
INSERT INTO Booking (booking_id, property_id, user_id, start_date, end_date, total_price, status) VALUES ('87a32fa8-3222-4be2-b781-5933187ad6e1', '43d1f86c-64f2-44ad-9865-fc6414e85348', '418c97e1-5b38-4905-a3ee-9fbfc292727c', '2024-07-04', '2024-12-02', 1736.11, 'confirmed');
INSERT INTO Booking (booking_id, property_id, user_id, start_date, end_date, total_price, status) VALUES ('87ccfd48-084d-40f2-af0b-2ccfdcc61d48', '0f493b24-4bce-40f6-ab23-0ad0b3f0ac48', '0c92e872-10d4-4a94-a127-d71a62ef0e1e', '2024-08-03', '2025-03-25', 1234.35, 'pending');
INSERT INTO Booking (booking_id, property_id, user_id, start_date, end_date, total_price, status) VALUES ('890568e2-c135-4731-aa41-41b81f5723ac', '23676f33-9793-484f-a9e4-92770c450861', 'a946980e-2449-4bff-89cb-8fe5efe0b918', '2024-05-18', '2024-08-25', 3458.72, 'confirmed');
INSERT INTO Booking (booking_id, property_id, user_id, start_date, end_date, total_price, status) VALUES ('d45bfa72-602f-4151-bd37-de8ee052b245', '44679ae7-0d86-4635-a2ec-1ce48bf885bf', 'f0be8e3e-7f37-4d8b-a259-32dec0eec966', '2024-11-14', '2025-05-09', 137.4, 'pending');
INSERT INTO Booking (booking_id, property_id, user_id, start_date, end_date, total_price, status) VALUES ('2bc4b893-f687-498a-b08d-cf048efd057a', 'e6b0278c-5971-4fd3-a7f6-5f9a3df953f7', '40f2621c-975d-4ce1-b453-4a1709729464', '2024-08-28', '2025-05-10', 2967.36, 'pending');
INSERT INTO Booking (booking_id, property_id, user_id, start_date, end_date, total_price, status) VALUES ('d9e5e670-72eb-41fa-8ed3-fd635768607b', '529bfc96-7f28-4f41-84b4-821e7adb3330', 'a855119a-2181-40c5-b4c8-ff43705c7c76', '2025-04-30', '2025-06-05', 1903.77, 'pending');
INSERT INTO Booking (booking_id, property_id, user_id, start_date, end_date, total_price, status) VALUES ('df373201-f206-465c-ae32-4f0109ab40d9', '581fe855-96b9-44b9-86d7-ee694ab7a486', 'abb8bfd6-35f5-4151-ba48-d11bb1791ce3', '2025-02-23', '2025-05-21', 4388.13, 'confirmed');
INSERT INTO Booking (booking_id, property_id, user_id, start_date, end_date, total_price, status) VALUES ('e4c944ea-4688-471e-b8f4-c35afb56a79e', '5a6ea1fd-0c82-4e66-928d-9615d434e1a3', '7cf7062d-94f4-48d1-9020-2a031e03934e', '2024-06-11', '2024-10-10', 2862.86, 'pending');
INSERT INTO Booking (booking_id, property_id, user_id, start_date, end_date, total_price, status) VALUES ('cb1e449e-d41a-40be-8743-b7b81816efb5', 'dc44fc41-5be0-42dc-b17b-45eca3f86a38', 'd5b49030-8bde-48ed-92e4-526525be8ae3', '2025-04-17', '2025-05-15', 527.21, 'canceled');
INSERT INTO Booking (booking_id, property_id, user_id, start_date, end_date, total_price, status) VALUES ('8c4ef5d0-25f2-46b9-a5f8-c52e2360022c', 'd2493010-a3a0-4dc0-aab2-63b630a5f8ef', 'acb4d06f-6999-4d2e-beea-cd235acc56cb', '2024-09-02', '2025-05-29', 1741.29, 'confirmed');
INSERT INTO Booking (booking_id, property_id, user_id, start_date, end_date, total_price, status) VALUES ('432683f8-e990-44bf-9410-5875f0183acc', '92ba5157-0954-4f9c-a9b7-54b915931e13', 'ec801880-84e9-43ba-9606-8982045ac5e9', '2024-09-19', '2024-11-17', 3519.69, 'pending');
INSERT INTO Booking (booking_id, property_id, user_id, start_date, end_date, total_price, status) VALUES ('490eaf89-19e9-42f9-92fe-b8f155780e89', '52333402-e85c-48b7-adb7-92b92e8b562e', '31591fbd-c64c-4c8f-bc09-2a3b39cf3a1c', '2024-12-25', '2025-03-15', 4423.57, 'confirmed');
INSERT INTO Booking (booking_id, property_id, user_id, start_date, end_date, total_price, status) VALUES ('f3222312-ec8d-4330-a351-40a30ac7ae12', '5363871f-8d44-4134-aa7d-c5855a794a10', '39404a89-89a4-4638-9320-a44ec995073e', '2025-01-26', '2025-05-17', 1859.69, 'confirmed');
INSERT INTO Booking (booking_id, property_id, user_id, start_date, end_date, total_price, status) VALUES ('01e37d9e-95a2-4971-b2f4-b10897e13d35', '8cbd26be-355f-457d-9fd3-fb2addc89160', 'e551787c-ea6e-4ce8-89ed-2976949104ad', '2024-12-10', '2025-05-12', 2033.28, 'canceled');
INSERT INTO Booking (booking_id, property_id, user_id, start_date, end_date, total_price, status) VALUES ('8651d10c-4d8c-4140-818d-8aaee1272102', 'dea50cf2-b935-46a8-93cc-3503bb549fc1', '633e2f4a-ff23-48f6-bc7e-54791a340205', '2024-05-26', '2024-11-13', 854.49, 'pending');
INSERT INTO Booking (booking_id, property_id, user_id, start_date, end_date, total_price, status) VALUES ('ead5f636-e55a-4c66-abbd-6ebcba473482', 'e3fd737a-8ccb-4bf9-9501-2a70c1711491', '561241df-0b36-46bc-bc7b-e6e3aeccc468', '2024-12-03', '2024-12-09', 4341.35, 'canceled');
INSERT INTO Booking (booking_id, property_id, user_id, start_date, end_date, total_price, status) VALUES ('92988d62-a586-4228-a472-62e729eb8d91', '3918860a-eba7-4ae6-9124-d9082bf2aec5', 'acb4d06f-6999-4d2e-beea-cd235acc56cb', '2024-08-12', '2025-02-28', 3524.54, 'pending');
INSERT INTO Booking (booking_id, property_id, user_id, start_date, end_date, total_price, status) VALUES ('ee9b91be-fdf0-49a7-98db-69f18223804d', 'f3ea78cf-d8d8-4870-b8b9-38cfc06313c6', '3ba123df-6396-47f2-a3cb-0d22d459032c', '2025-01-09', '2025-01-24', 3086.55, 'canceled');
INSERT INTO Booking (booking_id, property_id, user_id, start_date, end_date, total_price, status) VALUES ('daafb75e-017f-4c50-bf1e-e8f92160de11', '6dad9fdf-e80b-4d93-9941-bd4438e4c548', 'b6ae824d-47ec-4a45-aece-9edb8d2f9880', '2024-06-01', '2024-06-08', 4979.84, 'confirmed');
INSERT INTO Booking (booking_id, property_id, user_id, start_date, end_date, total_price, status) VALUES ('05888de3-857b-4053-b7d9-e8e6f8e684a0', '4e00b271-1cfe-40ff-8978-212371b62271', '92c2657c-4929-49ad-bc19-eef4998eda29', '2025-05-14', '2025-05-25', 4827.68, 'pending');
INSERT INTO Booking (booking_id, property_id, user_id, start_date, end_date, total_price, status) VALUES ('284c3bda-605d-4c72-8f30-25a89c756bc6', '2daf7d4e-3105-4008-87c9-833baabd172c', 'e613fa5c-50cc-472e-abde-8c96e7be3a4f', '2024-07-08', '2025-02-02', 1404.53, 'confirmed');
INSERT INTO Booking (booking_id, property_id, user_id, start_date, end_date, total_price, status) VALUES ('7514dc81-f071-451b-8e31-399ce159f9ea', 'adf0aa1e-0692-4ebb-ad79-dfef898787de', '08a0f2ce-9f92-49fb-af06-15498d5da17b', '2024-07-15', '2025-01-12', 1476.54, 'confirmed');
INSERT INTO Booking (booking_id, property_id, user_id, start_date, end_date, total_price, status) VALUES ('f1d9c7e4-f79d-4a15-aa6e-95f83e8810d0', '1b44876f-257a-4db1-92b0-844f0f99947f', 'd073b7d9-d6d8-41b1-8989-cf7eb91c55e1', '2024-11-08', '2024-12-13', 4640.24, 'pending');
INSERT INTO Booking (booking_id, property_id, user_id, start_date, end_date, total_price, status) VALUES ('b6a7427b-6860-49fa-8f52-0aa2fc514a91', '6f212946-4c67-432f-82d6-056d981d9293', '29da8720-0317-4dff-9140-e7d13d75de3e', '2025-04-29', '2025-05-16', 694.89, 'canceled');
INSERT INTO Booking (booking_id, property_id, user_id, start_date, end_date, total_price, status) VALUES ('56b492ef-f95f-44f5-a8c0-4b30f2d473a8', '73d0b710-febc-4f74-8338-b69e30fa0613', '9bd2de84-6cf7-4936-9c09-f24ff00db108', '2024-06-28', '2025-01-08', 1283.94, 'pending');
INSERT INTO Booking (booking_id, property_id, user_id, start_date, end_date, total_price, status) VALUES ('c8207f75-926e-49cf-bdfc-ca9e87d0cfc6', '4231b809-8bbe-4138-a13f-5d01164359d6', 'fbd7610c-d2cd-4921-9c8d-a1452e5e5ec1', '2024-08-27', '2025-06-10', 2901.34, 'canceled');
INSERT INTO Booking (booking_id, property_id, user_id, start_date, end_date, total_price, status) VALUES ('101cf80e-9188-41cd-9530-b0d762d800df', '6a8466f0-010e-4d47-b3c3-54a074b4b75a', '67bb3849-e55d-4f61-820b-b8b10902c5a9', '2024-08-02', '2024-09-17', 2983.62, 'confirmed');
INSERT INTO Booking (booking_id, property_id, user_id, start_date, end_date, total_price, status) VALUES ('c9ebaea8-e517-4d7c-b30b-af23c1d13fac', 'bf214817-c2d0-4b62-a6cf-72d433af1a9f', '2765bcfc-5491-43d4-a499-77d06df32561', '2024-11-05', '2025-01-15', 1600.38, 'pending');
INSERT INTO Booking (booking_id, property_id, user_id, start_date, end_date, total_price, status) VALUES ('e4a8eb21-623b-4ee5-a08a-a89ad1446d5d', 'b7011c5a-d254-4e0b-a9e0-34a9e5501b98', '2fc7d0a2-9637-4e1f-951d-c6f65028abd7', '2024-10-20', '2025-05-06', 2836.8, 'canceled');
INSERT INTO Booking (booking_id, property_id, user_id, start_date, end_date, total_price, status) VALUES ('02cbdc93-258f-45e1-9f68-3c8a142a1053', '3918860a-eba7-4ae6-9124-d9082bf2aec5', '581f6af4-2f44-47a3-801b-e0149ccf7f4c', '2024-09-15', '2024-10-21', 592.79, 'confirmed');
INSERT INTO Booking (booking_id, property_id, user_id, start_date, end_date, total_price, status) VALUES ('13e1b1bd-85f5-4203-9604-77896b0cba85', '027410b4-b3e1-490b-b179-67c2db3d8fa2', '0773e5d3-b12e-42aa-9f3d-4d65d879cebb', '2024-12-16', '2025-05-27', 4674.19, 'confirmed');
INSERT INTO Booking (booking_id, property_id, user_id, start_date, end_date, total_price, status) VALUES ('ec856ded-21d3-4f49-b555-8bd4d8d9340d', '46d8d4b4-c6da-442e-8f2d-6a57d76ef65d', '9d9e8833-fa16-4227-8c7d-dffdfb73dbb7', '2024-07-14', '2024-12-03', 4063.0, 'confirmed');
INSERT INTO Booking (booking_id, property_id, user_id, start_date, end_date, total_price, status) VALUES ('a52fcc79-383b-4110-84d7-838ed9771281', '3a9e47e5-6dd9-4560-9703-b06cce2e26b5', '4109d8c4-0e57-4781-a254-e519875991b3', '2024-07-22', '2024-11-05', 2014.07, 'confirmed');
INSERT INTO Booking (booking_id, property_id, user_id, start_date, end_date, total_price, status) VALUES ('e2c323b0-84d2-4e94-b947-d43c2464910c', '1b44876f-257a-4db1-92b0-844f0f99947f', 'd9d186af-e0ae-4c7a-bfe7-1385e4df0ca0', '2024-08-29', '2025-01-09', 394.82, 'confirmed');
INSERT INTO Booking (booking_id, property_id, user_id, start_date, end_date, total_price, status) VALUES ('0445f67c-5aa4-4c7d-a84f-ceccf0ac530b', '9ea8722d-9839-4388-a0f1-0a770e4789ab', '4edbab6b-f666-4cfb-aed5-3412a198dbaa', '2025-03-04', '2025-06-03', 211.73, 'canceled');
INSERT INTO Booking (booking_id, property_id, user_id, start_date, end_date, total_price, status) VALUES ('d37be0cc-c8d1-4864-9c55-cfe0d4eee635', '428ce65f-a12c-4937-ac58-c3da2ad0c725', 'e596a721-0171-4788-aa08-c254651bfd02', '2025-04-15', '2025-06-02', 507.44, 'pending');
INSERT INTO Booking (booking_id, property_id, user_id, start_date, end_date, total_price, status) VALUES ('a22f9d02-1fde-4824-ab67-adbea86544aa', '2897df41-2955-4d71-b727-a656649b377a', 'adb4c34b-d866-4ea8-847a-8c222f951ad2', '2024-09-01', '2024-11-01', 2529.62, 'pending');
INSERT INTO Booking (booking_id, property_id, user_id, start_date, end_date, total_price, status) VALUES ('c3f97926-9452-4710-8125-e589f6e2550f', 'e6901428-ad3f-4f3f-a804-e5eb4abb93fa', '1b10be3d-1f08-4086-9a40-4611a1cf1d65', '2024-10-20', '2024-12-03', 1089.49, 'pending');
INSERT INTO Booking (booking_id, property_id, user_id, start_date, end_date, total_price, status) VALUES ('a7f117ba-7506-4de3-b18c-527624ade1b7', '42a07e8f-572a-4a60-95ba-43b871cd33a0', '7448dfad-6c98-4fd7-9768-034663cd8988', '2024-11-29', '2025-04-13', 1128.47, 'confirmed');
INSERT INTO Booking (booking_id, property_id, user_id, start_date, end_date, total_price, status) VALUES ('4fabee60-3fdc-496a-b21a-f4e38f538ae1', '7b369677-41ad-4d08-a35b-5c9a237e8c93', '581f6af4-2f44-47a3-801b-e0149ccf7f4c', '2024-05-18', '2025-05-02', 4304.93, 'confirmed');
INSERT INTO Booking (booking_id, property_id, user_id, start_date, end_date, total_price, status) VALUES ('46537d3a-78ed-4c82-ae0c-2a9323f7c559', 'ccbe445c-5288-4a59-a8c8-99b1d3966299', 'e596a721-0171-4788-aa08-c254651bfd02', '2024-07-11', '2024-08-07', 3464.21, 'canceled');
INSERT INTO Booking (booking_id, property_id, user_id, start_date, end_date, total_price, status) VALUES ('bd8693e0-f2e1-4e8b-9bab-82db3183df95', 'fc6415ef-e068-4d94-b342-022d3cb362a1', 'd7d45eda-bdc6-43d5-866f-e9f0a47cd81c', '2024-11-08', '2024-11-21', 3341.15, 'canceled');
INSERT INTO Booking (booking_id, property_id, user_id, start_date, end_date, total_price, status) VALUES ('fbeb1b92-f7e9-460b-b507-71a8d190c8cb', '0f493b24-4bce-40f6-ab23-0ad0b3f0ac48', '6fddd631-9907-4e98-b386-ee289e608b6e', '2024-10-20', '2025-05-10', 3711.6, 'canceled');
INSERT INTO Booking (booking_id, property_id, user_id, start_date, end_date, total_price, status) VALUES ('5b542e3b-1459-4e57-ab62-2c508f62115f', '461adfd5-ad5d-4e03-a54b-6bc7f8578b5a', '87bb05ad-0630-4c02-a8a2-b86524993cc2', '2024-05-24', '2025-05-11', 285.23, 'pending');
INSERT INTO Booking (booking_id, property_id, user_id, start_date, end_date, total_price, status) VALUES ('062bf50d-0565-440f-83d4-eded74974a93', 'bf922d9b-3155-4910-ad5f-f0c286e8a757', '67260a4d-f028-4a5d-9d05-7bd7dc76a519', '2024-10-28', '2024-12-08', 3716.69, 'confirmed');
INSERT INTO Booking (booking_id, property_id, user_id, start_date, end_date, total_price, status) VALUES ('972b49dc-cdfe-4dd0-b7d5-791f2ad6fcdf', 'd098f274-efd6-4d6f-be42-77516a968e45', '29da8720-0317-4dff-9140-e7d13d75de3e', '2024-10-22', '2025-04-29', 2761.68, 'confirmed');
INSERT INTO Booking (booking_id, property_id, user_id, start_date, end_date, total_price, status) VALUES ('907398b2-710e-438f-93b4-3b8fbc551aa8', 'e289f165-25f0-4b76-826a-f4d7a388d491', '852831af-9aec-4d16-a707-94a549ec6139', '2024-08-19', '2024-11-26', 2004.07, 'pending');
INSERT INTO Booking (booking_id, property_id, user_id, start_date, end_date, total_price, status) VALUES ('5581dd6c-a375-4314-8880-243946a50904', '027410b4-b3e1-490b-b179-67c2db3d8fa2', '01b07c24-a93b-4020-a8e4-1664ca1c2d58', '2024-10-16', '2025-04-19', 2076.61, 'pending');
INSERT INTO Booking (booking_id, property_id, user_id, start_date, end_date, total_price, status) VALUES ('0d78cfb6-70ae-43e5-8435-758001a85955', 'af3c3320-3d3a-410d-a5c6-75f4a76dc445', '1fe0c4c2-abff-47d5-aaa3-3e82cf6bbc24', '2024-05-26', '2024-08-15', 3440.62, 'canceled');
INSERT INTO Booking (booking_id, property_id, user_id, start_date, end_date, total_price, status) VALUES ('7f4142a7-d08f-41d5-bd19-16e57a8e1ed7', 'c5617675-53ee-4a3c-acea-6d0abeae34c0', '501544e6-8d51-4ffd-a7b3-ae22e84197ae', '2024-09-30', '2024-10-28', 1488.66, 'confirmed');
INSERT INTO Booking (booking_id, property_id, user_id, start_date, end_date, total_price, status) VALUES ('21e59dbc-29a8-45f2-8eab-5f3c28a8a40f', 'adf0aa1e-0692-4ebb-ad79-dfef898787de', 'e551787c-ea6e-4ce8-89ed-2976949104ad', '2024-09-01', '2024-10-24', 895.5, 'pending');
INSERT INTO Booking (booking_id, property_id, user_id, start_date, end_date, total_price, status) VALUES ('11c08bec-246e-4952-8717-1879b26f6513', 'e289f165-25f0-4b76-826a-f4d7a388d491', 'fbd7610c-d2cd-4921-9c8d-a1452e5e5ec1', '2025-04-06', '2025-05-27', 1026.33, 'canceled');
INSERT INTO Booking (booking_id, property_id, user_id, start_date, end_date, total_price, status) VALUES ('3f829fe9-5978-46c2-9f54-7b405219518f', '605e5205-f7b5-4633-8e95-cc4702035772', '96f7cc71-ab17-442d-ba47-8f6d96126505', '2025-01-07', '2025-04-23', 1581.08, 'confirmed');
INSERT INTO Booking (booking_id, property_id, user_id, start_date, end_date, total_price, status) VALUES ('714e2a05-50e5-4ace-bbd3-3d542d89d11a', '23676f33-9793-484f-a9e4-92770c450861', 'd5b49030-8bde-48ed-92e4-526525be8ae3', '2024-09-19', '2025-03-04', 509.93, 'pending');
INSERT INTO Booking (booking_id, property_id, user_id, start_date, end_date, total_price, status) VALUES ('8f0a0395-96ef-400d-b585-29624eb06440', 'bd44e530-9a9a-494e-9351-9f7500c52d83', 'db5e0f4c-0352-4f6c-a662-94a779f2e8e3', '2024-12-13', '2025-04-30', 3713.16, 'canceled');
INSERT INTO Booking (booking_id, property_id, user_id, start_date, end_date, total_price, status) VALUES ('fbfd7ac3-ec49-4640-b974-7c00bfe4fcf6', '7b369677-41ad-4d08-a35b-5c9a237e8c93', '763bb578-5793-4303-aeb0-28232341c807', '2025-02-24', '2025-03-23', 3244.07, 'canceled');
INSERT INTO Booking (booking_id, property_id, user_id, start_date, end_date, total_price, status) VALUES ('9ae57e9d-b923-4018-b293-c55c13de450d', '0bd8cc89-80a0-48cd-9674-004cb618a3e8', '501544e6-8d51-4ffd-a7b3-ae22e84197ae', '2024-12-01', '2025-04-16', 4740.99, 'confirmed');
INSERT INTO Booking (booking_id, property_id, user_id, start_date, end_date, total_price, status) VALUES ('293cdbec-3548-405b-a2e1-32381dbdada1', 'bd5b2a07-1553-4c8c-bc60-510589ae4c6a', '79e75b16-91d7-41aa-9e66-cb315fd609ea', '2024-07-11', '2024-10-10', 4492.25, 'canceled');
INSERT INTO Booking (booking_id, property_id, user_id, start_date, end_date, total_price, status) VALUES ('5a26a645-b3bc-411c-bdee-dbb77c51e79d', '6bba5f34-e6bc-4dfb-a9e4-077f74a2295c', 'c3d558b2-a498-4d88-8a45-e1f77fa1000f', '2025-03-14', '2025-05-20', 514.23, 'canceled');
INSERT INTO Booking (booking_id, property_id, user_id, start_date, end_date, total_price, status) VALUES ('15a6f7b0-b179-4b4a-8dd1-d866807d61b3', '54d494d8-7518-4f66-8c6e-79d44c28279d', 'f44a8684-63a8-4188-a0db-e315fbb282a2', '2024-12-27', '2025-02-02', 318.45, 'confirmed');
INSERT INTO Booking (booking_id, property_id, user_id, start_date, end_date, total_price, status) VALUES ('e7411455-ad4e-47db-8834-c3aa94c1a253', '3918860a-eba7-4ae6-9124-d9082bf2aec5', '8c624138-a41b-4c9d-bd76-a4a1a09759e3', '2025-01-13', '2025-05-14', 3018.62, 'canceled');
INSERT INTO Booking (booking_id, property_id, user_id, start_date, end_date, total_price, status) VALUES ('304341ef-c22a-4414-95e3-a774d8739aeb', '857aff2a-ed0b-4662-afa7-39dc8778de3e', 'ecefec55-f3d5-4557-add0-118358a787e7', '2025-03-10', '2025-06-09', 1389.13, 'canceled');
INSERT INTO Booking (booking_id, property_id, user_id, start_date, end_date, total_price, status) VALUES ('81170581-652e-4a8f-b00f-fac88f203357', '881df4b7-4c3d-47d2-a274-5c65aa8c93f4', '50a1a9e6-b1fe-4886-b6c7-640b11b66abe', '2024-05-24', '2024-12-14', 2431.82, 'canceled');
INSERT INTO Booking (booking_id, property_id, user_id, start_date, end_date, total_price, status) VALUES ('9b95ec3b-cc72-4fde-a015-388409477768', 'e6b0278c-5971-4fd3-a7f6-5f9a3df953f7', '99f8570b-48d5-4dae-89e3-d3edb5100e08', '2025-05-14', '2025-06-10', 1867.02, 'confirmed');
INSERT INTO Booking (booking_id, property_id, user_id, start_date, end_date, total_price, status) VALUES ('e87639e9-98ad-42fa-aa15-6c31f5264aa1', '4805b907-1665-4a25-9805-80fbb8d0e4d8', '90fe5b72-8145-4825-849c-22740d0c2ba2', '2025-04-18', '2025-06-06', 1877.95, 'pending');
INSERT INTO Booking (booking_id, property_id, user_id, start_date, end_date, total_price, status) VALUES ('89ec1295-e5a1-424b-8f8c-5bf5270d9705', '6fe5cdb2-25fd-48a6-b19c-600186aca1fe', 'ee0c60b7-be09-46e5-ae00-eb761a044cfc', '2025-03-28', '2025-06-07', 3925.03, 'canceled');
INSERT INTO Booking (booking_id, property_id, user_id, start_date, end_date, total_price, status) VALUES ('dcaa391b-28bc-4d50-a034-c899ffa503e8', '4f732932-53f8-42b7-8823-aee8d1ed29a6', '77cf5087-91a2-4b6f-bcef-96b004b2a125', '2024-11-16', '2025-06-10', 3137.78, 'canceled');
INSERT INTO Booking (booking_id, property_id, user_id, start_date, end_date, total_price, status) VALUES ('ac5ead93-f1d9-4dab-a829-b45ce03991bc', 'e998fd00-ab3c-48a4-8d8b-b921bd02b833', 'ea2b2c37-762e-4e53-943c-1b2ee38ff4be', '2024-06-14', '2024-09-27', 159.8, 'canceled');
INSERT INTO Booking (booking_id, property_id, user_id, start_date, end_date, total_price, status) VALUES ('c973be03-ad8f-42a0-ab62-a4adaca56c6d', 'ed933194-2c7c-4c9a-975c-f756ff6b04f5', '478ef557-2f93-49b4-8f89-5e4830981d6a', '2025-05-05', '2025-05-06', 4323.19, 'pending');
INSERT INTO Booking (booking_id, property_id, user_id, start_date, end_date, total_price, status) VALUES ('c90b18ae-7801-4c2a-8261-834c163d9102', '9a783315-4dcb-4ce6-ba0f-62693f0fc09e', 'd5b49030-8bde-48ed-92e4-526525be8ae3', '2024-09-04', '2025-05-12', 1887.95, 'canceled');
INSERT INTO Booking (booking_id, property_id, user_id, start_date, end_date, total_price, status) VALUES ('0d40c68e-3a2b-498c-b0e0-a965d07aca68', '12b3b408-3e8b-4ea2-bb83-b73a26b07454', '852831af-9aec-4d16-a707-94a549ec6139', '2024-10-01', '2024-10-01', 2972.31, 'canceled');
INSERT INTO Booking (booking_id, property_id, user_id, start_date, end_date, total_price, status) VALUES ('198e1846-6511-467c-980c-236eae4b4575', '5c80af03-a75c-4a6b-a52a-400e7d37d3e6', 'bba7e62e-8404-4107-9a66-f35f1b9ca1da', '2024-10-10', '2024-10-11', 1604.79, 'confirmed');
INSERT INTO Booking (booking_id, property_id, user_id, start_date, end_date, total_price, status) VALUES ('02057846-0845-4fdb-9881-862d4d4534e3', '6556e8d9-dd6a-495d-acc5-c8ec7b3cf51f', 'f680ddaf-9301-433c-a89a-dc3418017722', '2024-07-27', '2024-08-17', 3832.72, 'canceled');
INSERT INTO Booking (booking_id, property_id, user_id, start_date, end_date, total_price, status) VALUES ('e36632ec-26ff-4d27-8222-809f7c85c530', '74158f52-d200-454b-abdd-d62764330073', 'd8f2ed9b-f09b-415b-8cdb-2e0e0a933e67', '2024-12-24', '2025-03-24', 1191.13, 'canceled');
INSERT INTO Booking (booking_id, property_id, user_id, start_date, end_date, total_price, status) VALUES ('cc4fa6d3-9c4a-4f3c-a3d5-f8aa5bd8e735', 'f2759549-e458-4c3a-9ff7-ee283b224eff', '79644650-1d9d-4971-85a5-aa308ecd5dbf', '2025-05-12', '2025-06-06', 1994.22, 'canceled');
INSERT INTO Booking (booking_id, property_id, user_id, start_date, end_date, total_price, status) VALUES ('949aa6be-485a-45b9-981d-8d0b0796eb90', 'ed933194-2c7c-4c9a-975c-f756ff6b04f5', 'fd83fad6-56bd-4a76-8c51-56264fda8f12', '2025-02-22', '2025-04-28', 4519.39, 'pending');
INSERT INTO Booking (booking_id, property_id, user_id, start_date, end_date, total_price, status) VALUES ('e775b8a8-02f6-41dc-abb4-56696f09c5e5', '41e049a0-98ac-4142-846d-dc9cb2928606', '070d8c34-2a69-447b-b891-1328acf40e5d', '2025-02-19', '2025-05-05', 4269.97, 'canceled');
INSERT INTO Booking (booking_id, property_id, user_id, start_date, end_date, total_price, status) VALUES ('b1fc6b78-f9e0-41cb-b36d-6675c7fd5dd7', '1f58cc03-d788-461a-b205-816df085f26a', 'f9f5c1a8-0e2e-4d06-8c6e-7a0afd84193d', '2024-09-10', '2024-11-06', 4191.8, 'canceled');
INSERT INTO Booking (booking_id, property_id, user_id, start_date, end_date, total_price, status) VALUES ('21bd1500-b5af-42f3-999a-76adec25288d', '5bdd4afd-5f6a-4376-b06c-b764340ae075', '79e75b16-91d7-41aa-9e66-cb315fd609ea', '2024-12-02', '2025-01-27', 2400.27, 'confirmed');
INSERT INTO Booking (booking_id, property_id, user_id, start_date, end_date, total_price, status) VALUES ('f55d0e17-dc0f-427e-9899-771041fb3c41', '6a355266-7b2c-437d-a448-d2f65f72aefc', '79644650-1d9d-4971-85a5-aa308ecd5dbf', '2024-08-14', '2025-04-21', 1387.29, 'pending');
INSERT INTO Booking (booking_id, property_id, user_id, start_date, end_date, total_price, status) VALUES ('fbef2557-c4e7-45d1-9d0c-ffe0738231ed', '19e60f19-a32b-4f9c-a515-48647044adcf', '8486dd68-5d2b-4816-b534-a76e9388d546', '2024-10-03', '2025-05-20', 3826.7, 'canceled');
INSERT INTO Booking (booking_id, property_id, user_id, start_date, end_date, total_price, status) VALUES ('468e1dd5-6492-45ca-be1f-b2645ea7b8e7', '0c11a8b5-7816-4511-840d-5296f223fa7c', '561241df-0b36-46bc-bc7b-e6e3aeccc468', '2024-05-22', '2025-02-19', 1721.87, 'pending');
INSERT INTO Booking (booking_id, property_id, user_id, start_date, end_date, total_price, status) VALUES ('f4fb006a-ae2b-4ed5-91af-9bb6d6016244', 'e83897f5-1710-40b2-a34b-7780a40c65df', '070d8c34-2a69-447b-b891-1328acf40e5d', '2024-09-12', '2025-02-23', 1257.08, 'confirmed');
INSERT INTO Booking (booking_id, property_id, user_id, start_date, end_date, total_price, status) VALUES ('d1472e7e-5704-463d-8fc9-83c388863b16', 'ad26e485-8d3f-400f-9ae3-f851942385b4', '29e32e86-2d5b-410c-9aa2-9c766d4b39ed', '2024-09-02', '2025-03-19', 923.81, 'pending');
INSERT INTO Booking (booking_id, property_id, user_id, start_date, end_date, total_price, status) VALUES ('5618268c-f280-4178-b161-984ccb39654a', '42a07e8f-572a-4a60-95ba-43b871cd33a0', '830b767e-1974-484a-8e60-4e56cc45a581', '2024-08-27', '2024-12-26', 664.51, 'canceled');
INSERT INTO Booking (booking_id, property_id, user_id, start_date, end_date, total_price, status) VALUES ('6a71c1ad-13b4-4de5-818d-ba7cb0df5407', '44679ae7-0d86-4635-a2ec-1ce48bf885bf', '96f7cc71-ab17-442d-ba47-8f6d96126505', '2024-08-24', '2024-12-06', 2013.09, 'canceled');
INSERT INTO Booking (booking_id, property_id, user_id, start_date, end_date, total_price, status) VALUES ('2ebc14d8-c5d6-4936-aadd-877a5cc32248', '9ea8722d-9839-4388-a0f1-0a770e4789ab', 'b4ae33a9-92ae-4bbb-98ea-56b47c7f8afc', '2024-10-29', '2025-04-26', 3735.9, 'canceled');
INSERT INTO Booking (booking_id, property_id, user_id, start_date, end_date, total_price, status) VALUES ('286eb1e2-7c25-428c-b6ec-d1c98ddef8ea', '12b3b408-3e8b-4ea2-bb83-b73a26b07454', 'fd83fad6-56bd-4a76-8c51-56264fda8f12', '2025-02-05', '2025-04-08', 4373.98, 'pending');
INSERT INTO Booking (booking_id, property_id, user_id, start_date, end_date, total_price, status) VALUES ('cd0767d1-f4c3-4dcc-8617-722a62e2cc70', '9a783315-4dcb-4ce6-ba0f-62693f0fc09e', '1646da7a-579d-4bca-b8a1-5a11bbea3914', '2024-07-08', '2025-06-04', 2787.77, 'pending');
INSERT INTO Booking (booking_id, property_id, user_id, start_date, end_date, total_price, status) VALUES ('8f0f030e-caed-408c-880c-90c1cea542cd', '581fe855-96b9-44b9-86d7-ee694ab7a486', '852831af-9aec-4d16-a707-94a549ec6139', '2024-08-17', '2024-10-02', 4673.93, 'canceled');
INSERT INTO Booking (booking_id, property_id, user_id, start_date, end_date, total_price, status) VALUES ('3a4818b2-646f-411e-82a7-1e2d60161d59', '67f48ac3-39b4-47e4-af7b-3a320ece4231', '633e2f4a-ff23-48f6-bc7e-54791a340205', '2024-08-02', '2024-09-11', 2258.47, 'confirmed');
INSERT INTO Booking (booking_id, property_id, user_id, start_date, end_date, total_price, status) VALUES ('4d54939b-ae3d-4740-88f2-3f367c366390', '13d96c88-c112-4662-9534-ed1e8ea3b52a', 'c2ff18ad-ed5c-4fb0-a0a3-8d550780a289', '2024-06-29', '2025-05-10', 1740.98, 'confirmed');
INSERT INTO Booking (booking_id, property_id, user_id, start_date, end_date, total_price, status) VALUES ('263e00eb-83ea-4862-a23e-78e2c3b8ccf8', '2de09c94-0c4e-4947-a33c-0ed93073527c', '600de622-561a-44e2-896b-9c28184ba8a3', '2024-11-25', '2025-02-25', 1282.57, 'pending');
INSERT INTO Booking (booking_id, property_id, user_id, start_date, end_date, total_price, status) VALUES ('af887b6c-fac6-40c5-9d3e-47be53e1f3cd', '5c80af03-a75c-4a6b-a52a-400e7d37d3e6', 'd5b49030-8bde-48ed-92e4-526525be8ae3', '2024-10-14', '2025-03-03', 2251.75, 'canceled');
INSERT INTO Booking (booking_id, property_id, user_id, start_date, end_date, total_price, status) VALUES ('cfa3fedd-d68f-4095-a20c-00204f8170b0', '9935f49a-ca19-42e0-a074-379b89118129', '96f7cc71-ab17-442d-ba47-8f6d96126505', '2024-07-04', '2024-08-29', 1235.0, 'confirmed');
INSERT INTO Booking (booking_id, property_id, user_id, start_date, end_date, total_price, status) VALUES ('892cef57-a299-447c-b5d0-ccc7a291307e', 'a84cc1a0-df0c-4ae3-96ba-e18205e15f2d', '7f53a811-cb05-49ef-928e-a62ee7951e49', '2024-10-04', '2025-01-14', 687.87, 'pending');
INSERT INTO Booking (booking_id, property_id, user_id, start_date, end_date, total_price, status) VALUES ('1a5d474b-5e86-47b4-9a44-e0ad003a8801', '0bd8cc89-80a0-48cd-9674-004cb618a3e8', '799803c1-7acd-42c5-9241-cd1168f4ab0b', '2024-06-24', '2025-05-03', 2279.1, 'canceled');
INSERT INTO Booking (booking_id, property_id, user_id, start_date, end_date, total_price, status) VALUES ('b6631579-5aae-42a2-b472-bb8ec7008ea6', '106a1fe4-d812-4d3a-8f21-045074863215', 'bba7e62e-8404-4107-9a66-f35f1b9ca1da', '2025-03-23', '2025-04-14', 4176.59, 'confirmed');
INSERT INTO Booking (booking_id, property_id, user_id, start_date, end_date, total_price, status) VALUES ('03f5b9e9-a38f-46bc-89ae-03852abac534', '6a355266-7b2c-437d-a448-d2f65f72aefc', 'a946980e-2449-4bff-89cb-8fe5efe0b918', '2024-12-30', '2025-02-18', 4030.17, 'pending');
INSERT INTO Booking (booking_id, property_id, user_id, start_date, end_date, total_price, status) VALUES ('bc785a41-325d-49a5-9dbf-f5ae42696349', 'e4c83c1f-249b-4838-a475-6c16b713d9b1', '5f66de6c-bf98-4535-989b-87d1dd561b30', '2024-09-02', '2024-10-06', 1555.0, 'canceled');
INSERT INTO Booking (booking_id, property_id, user_id, start_date, end_date, total_price, status) VALUES ('3ccc149c-9ac8-4cfc-aba8-29a8c27d2e34', 'e887734a-0e71-4d2f-9a22-324e9399bbf3', '909fc171-a57d-4f03-ae4b-e78ec82c0efb', '2024-09-15', '2024-11-26', 1557.79, 'canceled');
INSERT INTO Booking (booking_id, property_id, user_id, start_date, end_date, total_price, status) VALUES ('2d327b64-e20f-40c3-b20d-022876d32143', '716f1648-10d3-4278-8180-a5dfdbde7ef4', '67260a4d-f028-4a5d-9d05-7bd7dc76a519', '2024-08-31', '2025-03-21', 3182.59, 'pending');
INSERT INTO Booking (booking_id, property_id, user_id, start_date, end_date, total_price, status) VALUES ('e513d342-6415-49bb-906a-2e8399cf8ec4', 'c28b279d-5763-4aa0-9461-999f9a44d5ae', '4cb60f87-9cb2-43a7-8cc6-513d4e4c8abe', '2025-04-12', '2025-06-05', 1551.26, 'pending');
INSERT INTO Booking (booking_id, property_id, user_id, start_date, end_date, total_price, status) VALUES ('edf40ac9-2685-4d34-a183-ce340a645013', 'a4a69334-9b0e-49b4-9326-b4dd62362daa', 'e947c218-92af-4ebd-90e3-0d28225daf18', '2024-05-16', '2025-05-27', 4633.2, 'confirmed');
INSERT INTO Booking (booking_id, property_id, user_id, start_date, end_date, total_price, status) VALUES ('07022dfc-7f9e-49c2-af81-5c1018fcda86', 'b52c195c-5f56-4f5f-b16b-bbe2961d8da8', '3d16e843-1356-42d8-8c4b-0d4bd22350ca', '2024-06-27', '2025-02-17', 3865.2, 'canceled');
INSERT INTO Booking (booking_id, property_id, user_id, start_date, end_date, total_price, status) VALUES ('d4c9bb1e-1937-4c6c-865e-48c3aaca2424', 'd3c035f8-9a64-42f0-a337-f8fce9847756', 'fd83fad6-56bd-4a76-8c51-56264fda8f12', '2024-08-03', '2025-02-19', 2206.55, 'confirmed');
INSERT INTO Booking (booking_id, property_id, user_id, start_date, end_date, total_price, status) VALUES ('3172b478-8893-469f-8d29-ea77b4615530', '5fa99ad7-d11c-4842-b8b8-a3ef4e29b04e', 'ecefec55-f3d5-4557-add0-118358a787e7', '2025-04-08', '2025-05-05', 760.88, 'canceled');
INSERT INTO Booking (booking_id, property_id, user_id, start_date, end_date, total_price, status) VALUES ('a1d75766-80f0-42fc-8042-a29a8da9e506', 'ed213c2f-9074-404c-a5fa-9b817e7193d5', 'd4b7905b-9da4-495b-befa-4c5603076481', '2025-05-03', '2025-05-05', 2665.21, 'pending');
INSERT INTO Booking (booking_id, property_id, user_id, start_date, end_date, total_price, status) VALUES ('7ac468af-1a00-46f2-b133-bedc495cb8d8', '2daf7d4e-3105-4008-87c9-833baabd172c', '43b205fc-b4e9-427d-8953-1823fc78bc4f', '2024-12-11', '2025-04-18', 360.91, 'canceled');
INSERT INTO Booking (booking_id, property_id, user_id, start_date, end_date, total_price, status) VALUES ('cd882fbe-a0c9-4a3f-8ab8-2e300cd02aa3', 'ffcd9475-ad33-4c76-b31a-2f765c9aa216', '9d848583-0e57-427e-8ebe-0e81343b5171', '2025-03-01', '2025-05-15', 1241.82, 'canceled');
INSERT INTO Booking (booking_id, property_id, user_id, start_date, end_date, total_price, status) VALUES ('792cdfee-02ea-4262-a16b-641a85e40c77', '46d8d4b4-c6da-442e-8f2d-6a57d76ef65d', 'a96e1ba1-0cbb-4296-a30b-f53e7ed600c8', '2025-02-12', '2025-05-16', 4138.19, 'canceled');
INSERT INTO Booking (booking_id, property_id, user_id, start_date, end_date, total_price, status) VALUES ('0ffd9d04-6fad-43de-9a8d-c4e15c547960', '4231b809-8bbe-4138-a13f-5d01164359d6', 'f3c5b9a4-6c95-4998-98a4-f5008b923729', '2024-05-30', '2024-06-04', 2208.57, 'canceled');
INSERT INTO Booking (booking_id, property_id, user_id, start_date, end_date, total_price, status) VALUES ('e40d6732-27b6-45b6-a18f-8c33be4d40f2', 'bc0cce61-f681-4390-b7b8-472f53ae41a1', '5ea0ba4c-abb7-4476-8357-520c866565e4', '2024-05-18', '2025-06-04', 140.37, 'pending');
INSERT INTO Booking (booking_id, property_id, user_id, start_date, end_date, total_price, status) VALUES ('77f6085c-bf9b-44fd-9e32-75e8027b6beb', '88757d98-c525-4f45-957a-a9f13a807c54', '524b80d9-120a-4ac0-9eef-7a408943a181', '2025-01-06', '2025-05-01', 3303.53, 'pending');
INSERT INTO Booking (booking_id, property_id, user_id, start_date, end_date, total_price, status) VALUES ('32dc79f9-f0ab-431e-8cc0-9c86396d2cfa', '9c1b4b2f-3346-4630-8662-8ec537c5ec5c', '0d31acf9-6f99-4c04-9f11-36f0279ea4ac', '2024-11-05', '2025-04-23', 1498.96, 'canceled');
INSERT INTO Booking (booking_id, property_id, user_id, start_date, end_date, total_price, status) VALUES ('f5deae93-b454-4cbb-ac9a-1f26b166ac4e', '3a9e47e5-6dd9-4560-9703-b06cce2e26b5', '54cbbb98-f30d-47f3-bdad-d25212e7323c', '2024-08-17', '2025-06-05', 1670.53, 'pending');
INSERT INTO Booking (booking_id, property_id, user_id, start_date, end_date, total_price, status) VALUES ('9ae0fa33-7428-4b08-9ca3-4bef1d5a90d6', 'ffcd9475-ad33-4c76-b31a-2f765c9aa216', 'a946980e-2449-4bff-89cb-8fe5efe0b918', '2025-04-09', '2025-05-03', 2031.62, 'canceled');
INSERT INTO Booking (booking_id, property_id, user_id, start_date, end_date, total_price, status) VALUES ('214e31f8-ee76-4f82-954c-e91b981e3664', '5c80af03-a75c-4a6b-a52a-400e7d37d3e6', '33b440a5-796d-42e0-a4d0-435ea5308201', '2024-11-02', '2025-06-13', 4398.06, 'pending');
INSERT INTO Booking (booking_id, property_id, user_id, start_date, end_date, total_price, status) VALUES ('57804680-17e7-4c35-a5ee-946002bac25a', 'fc6415ef-e068-4d94-b342-022d3cb362a1', '01b07c24-a93b-4020-a8e4-1664ca1c2d58', '2025-03-11', '2025-04-27', 3557.27, 'confirmed');
INSERT INTO Booking (booking_id, property_id, user_id, start_date, end_date, total_price, status) VALUES ('b1e59c86-ffd5-4d63-9d28-6095451c31ec', 'f3725ef6-6b71-44c9-835f-7cb119a39c60', 'd2638c93-ed22-4f8f-9a40-ab904a3fadfb', '2024-07-09', '2024-08-09', 2353.85, 'canceled');
INSERT INTO Booking (booking_id, property_id, user_id, start_date, end_date, total_price, status) VALUES ('174befa1-f8ca-4bf4-a0e9-da6760cbd327', '52965612-1531-415e-ada4-7e1f3f369178', '600de622-561a-44e2-896b-9c28184ba8a3', '2024-10-03', '2025-03-05', 1145.43, 'canceled');
INSERT INTO Booking (booking_id, property_id, user_id, start_date, end_date, total_price, status) VALUES ('48db9c5f-cc9f-4bcd-b64e-b49c4c88171f', 'e6901428-ad3f-4f3f-a804-e5eb4abb93fa', '6c1369e8-ca5e-4efb-b463-0b802683378b', '2025-02-13', '2025-02-18', 1595.45, 'confirmed');
INSERT INTO Booking (booking_id, property_id, user_id, start_date, end_date, total_price, status) VALUES ('d96e2819-1b82-4356-8e1d-a0fcee73044b', '92ba5157-0954-4f9c-a9b7-54b915931e13', 'a855119a-2181-40c5-b4c8-ff43705c7c76', '2025-03-06', '2025-04-11', 2622.57, 'canceled');
INSERT INTO Booking (booking_id, property_id, user_id, start_date, end_date, total_price, status) VALUES ('10ff477c-d3a2-4f39-bb3f-746b030541d2', '904ddef2-a9de-46b6-827e-70bb956e2f48', '32c44141-d021-47b5-adda-f363fdfef29a', '2025-01-02', '2025-02-16', 1698.9, 'confirmed');
INSERT INTO Booking (booking_id, property_id, user_id, start_date, end_date, total_price, status) VALUES ('186be87a-1ebb-4d73-bd47-503c901cdbdc', 'ed933194-2c7c-4c9a-975c-f756ff6b04f5', '4454fcdd-ba4a-447d-8e9f-fbf15a926163', '2024-09-11', '2025-02-10', 750.21, 'canceled');
INSERT INTO Booking (booking_id, property_id, user_id, start_date, end_date, total_price, status) VALUES ('cce9cb08-e76f-4126-bd48-524eb444163c', '0bd8cc89-80a0-48cd-9674-004cb618a3e8', '561241df-0b36-46bc-bc7b-e6e3aeccc468', '2024-08-08', '2025-03-02', 2459.85, 'pending');
INSERT INTO Booking (booking_id, property_id, user_id, start_date, end_date, total_price, status) VALUES ('9a94cc6a-d8ed-4c41-a6e5-0fe7308bab95', '4e00b271-1cfe-40ff-8978-212371b62271', 'd88d296d-5f2b-48a8-9565-e65361d95c59', '2024-12-23', '2025-04-30', 2892.76, 'confirmed');
INSERT INTO Booking (booking_id, property_id, user_id, start_date, end_date, total_price, status) VALUES ('5781df37-995c-41d1-9b31-57977d7a7cc2', 'e4c83c1f-249b-4838-a475-6c16b713d9b1', '3d16e843-1356-42d8-8c4b-0d4bd22350ca', '2024-09-11', '2024-11-02', 4402.12, 'canceled');
INSERT INTO Booking (booking_id, property_id, user_id, start_date, end_date, total_price, status) VALUES ('30877084-1478-4c64-b066-342d868f5823', 'd5db49d4-7c1f-4144-83d4-f48b0af6f257', '994ecafb-67e1-4355-b02b-369f2801c68a', '2025-03-24', '2025-05-06', 3855.09, 'pending');
INSERT INTO Booking (booking_id, property_id, user_id, start_date, end_date, total_price, status) VALUES ('3dc00bb4-d3c9-4a1d-935e-4d9f59df15ab', '1723657a-697e-4d7a-b842-f760ec59af85', 'fe71be63-e1ec-4efd-bcfa-92d6b90e4e00', '2024-05-29', '2025-04-29', 2649.07, 'confirmed');
INSERT INTO Booking (booking_id, property_id, user_id, start_date, end_date, total_price, status) VALUES ('00135ce3-5c95-4a03-9062-9403ba05122f', '58a3cd30-3d42-4f0e-94d1-17027c456c77', '478ef557-2f93-49b4-8f89-5e4830981d6a', '2024-07-18', '2024-08-27', 1757.02, 'pending');
INSERT INTO Booking (booking_id, property_id, user_id, start_date, end_date, total_price, status) VALUES ('4199e543-4a6e-40b6-9ffc-ceb289792cd7', 'db52db9f-bf30-4696-be82-82d2f6e0b576', '909fc171-a57d-4f03-ae4b-e78ec82c0efb', '2024-10-31', '2025-04-01', 1052.86, 'confirmed');
INSERT INTO Booking (booking_id, property_id, user_id, start_date, end_date, total_price, status) VALUES ('7f042426-82f1-46ae-86b4-4b09c36cfe34', 'b7011c5a-d254-4e0b-a9e0-34a9e5501b98', 'daec18a6-8018-4921-b36e-1a1dd802e4a8', '2025-02-18', '2025-05-04', 4416.88, 'pending');
INSERT INTO Booking (booking_id, property_id, user_id, start_date, end_date, total_price, status) VALUES ('a9148ccd-ac97-463f-b706-a7a0187f96f3', '86a746b8-d808-4875-9c6a-5b910490a3d4', 'f44a8684-63a8-4188-a0db-e315fbb282a2', '2024-06-13', '2025-03-16', 3573.94, 'pending');
INSERT INTO Booking (booking_id, property_id, user_id, start_date, end_date, total_price, status) VALUES ('f4a41d99-6d42-4e4a-97a8-1073dcd08f5e', 'dea50cf2-b935-46a8-93cc-3503bb549fc1', '9551d3cc-d3ce-4622-85b8-64d383c5469d', '2025-02-28', '2025-03-01', 4484.99, 'confirmed');
INSERT INTO Booking (booking_id, property_id, user_id, start_date, end_date, total_price, status) VALUES ('cfd4d0f5-6a97-49cc-8382-5122764dc9dd', 'bd5b2a07-1553-4c8c-bc60-510589ae4c6a', '3d16e843-1356-42d8-8c4b-0d4bd22350ca', '2024-07-15', '2024-10-14', 4327.03, 'canceled');
INSERT INTO Booking (booking_id, property_id, user_id, start_date, end_date, total_price, status) VALUES ('6bac1eb7-463d-4ac2-b1d2-89c18caad9a0', '1723657a-697e-4d7a-b842-f760ec59af85', 'bbc3f187-2eb9-408f-b044-d675ffc61637', '2024-12-29', '2025-04-29', 1993.61, 'pending');
INSERT INTO Booking (booking_id, property_id, user_id, start_date, end_date, total_price, status) VALUES ('e5ab1147-f40b-4ed6-abc8-b8cbb6d757c4', 'd9b9bb5c-4e30-4994-9ed3-fbd6a763774d', 'f0493b8f-799c-4a0a-8e55-067ce274db47', '2024-10-21', '2025-01-01', 4623.35, 'pending');
INSERT INTO Booking (booking_id, property_id, user_id, start_date, end_date, total_price, status) VALUES ('e68b8657-b32b-4e39-b3d4-c8c66823095b', '41e049a0-98ac-4142-846d-dc9cb2928606', 'a855119a-2181-40c5-b4c8-ff43705c7c76', '2025-05-01', '2025-06-13', 1136.98, 'confirmed');
INSERT INTO Booking (booking_id, property_id, user_id, start_date, end_date, total_price, status) VALUES ('7b516444-18c4-484e-a522-3c0f239a1985', '840fdf6c-d771-4723-a94f-a25da904747b', '80f8d936-bdf0-44d8-ad76-5d04ef596fb4', '2024-09-18', '2024-10-31', 508.66, 'confirmed');
INSERT INTO Booking (booking_id, property_id, user_id, start_date, end_date, total_price, status) VALUES ('c791f6df-d600-4b76-b07b-965f50c65f6e', 'a84cc1a0-df0c-4ae3-96ba-e18205e15f2d', '524b80d9-120a-4ac0-9eef-7a408943a181', '2024-08-27', '2024-11-18', 3951.97, 'pending');
INSERT INTO Booking (booking_id, property_id, user_id, start_date, end_date, total_price, status) VALUES ('108e6017-6c49-4109-8605-1ad7f6db2c48', '710c6313-95a2-446a-8fbd-c1a776632da2', '46cb8b94-da37-4098-8576-7081f5f22af6', '2024-05-29', '2024-12-05', 2640.02, 'canceled');
INSERT INTO Booking (booking_id, property_id, user_id, start_date, end_date, total_price, status) VALUES ('2cda20ea-5870-414f-9c53-72738c35d45a', 'e83897f5-1710-40b2-a34b-7780a40c65df', '561241df-0b36-46bc-bc7b-e6e3aeccc468', '2025-02-13', '2025-05-09', 2994.05, 'canceled');
INSERT INTO Booking (booking_id, property_id, user_id, start_date, end_date, total_price, status) VALUES ('4a7a8be0-e0b9-4a95-aa73-40742fa3bca0', 'd95d2261-1b40-4ce5-a176-773d261c9384', '29cbfe57-ca91-4c8b-ad3e-d6716c5324db', '2024-08-11', '2024-08-24', 2532.08, 'canceled');
INSERT INTO Booking (booking_id, property_id, user_id, start_date, end_date, total_price, status) VALUES ('188fd0b5-8e3c-46a9-9a30-38016086e0ac', '3918860a-eba7-4ae6-9124-d9082bf2aec5', '56980766-7519-4af8-963b-88e36d87a7bd', '2024-06-17', '2024-12-14', 2224.17, 'confirmed');
INSERT INTO Booking (booking_id, property_id, user_id, start_date, end_date, total_price, status) VALUES ('20c3f7bc-ae8e-4f6e-963e-1924fe70c0ac', 'd2df941a-2b39-46e5-b16c-ca982ae8a99e', '85dbe46d-d5f4-4fdc-b9d9-7be807df25a8', '2024-07-19', '2025-01-27', 1964.89, 'canceled');
INSERT INTO Booking (booking_id, property_id, user_id, start_date, end_date, total_price, status) VALUES ('e4e556b4-634e-4342-a6b3-19f9df5ba8d1', 'dea50cf2-b935-46a8-93cc-3503bb549fc1', 'daec18a6-8018-4921-b36e-1a1dd802e4a8', '2025-04-29', '2025-06-10', 2638.01, 'pending');
INSERT INTO Booking (booking_id, property_id, user_id, start_date, end_date, total_price, status) VALUES ('6e0bc8ba-088f-4cb8-955b-c6743d45f0f5', '69857472-e522-488c-968a-d10bfb663c60', '753a662a-8b56-4a9b-86ad-91677ad5c8e3', '2024-11-21', '2025-04-08', 4987.46, 'pending');
INSERT INTO Booking (booking_id, property_id, user_id, start_date, end_date, total_price, status) VALUES ('bef3b404-d744-4f98-9713-b87a3eb29fa5', 'd84a6132-2665-4026-8958-c52ddcfb2334', 'b43ebf21-c289-40df-a9d9-7ba4a3faa9a7', '2024-08-22', '2024-10-16', 4256.13, 'canceled');
INSERT INTO Booking (booking_id, property_id, user_id, start_date, end_date, total_price, status) VALUES ('73190dd2-5746-477e-966a-e42000202cd5', '43d1f86c-64f2-44ad-9865-fc6414e85348', '67260a4d-f028-4a5d-9d05-7bd7dc76a519', '2025-03-12', '2025-04-09', 1563.94, 'pending');
INSERT INTO Booking (booking_id, property_id, user_id, start_date, end_date, total_price, status) VALUES ('cd0cc76e-f0d7-4c14-bc5d-65e42731609e', '6fe5cdb2-25fd-48a6-b19c-600186aca1fe', '501544e6-8d51-4ffd-a7b3-ae22e84197ae', '2024-09-16', '2025-06-08', 2964.33, 'confirmed');
INSERT INTO Booking (booking_id, property_id, user_id, start_date, end_date, total_price, status) VALUES ('3c588963-e163-41b9-890a-4e1ac35b36f8', '8fcf20fc-3ff9-4cc5-98cb-fed6b31f8413', 'd88d296d-5f2b-48a8-9565-e65361d95c59', '2024-05-29', '2024-12-29', 355.69, 'pending');
INSERT INTO Booking (booking_id, property_id, user_id, start_date, end_date, total_price, status) VALUES ('fed9acdc-fb0a-4ba0-b12f-9eafbf7890fa', '881df4b7-4c3d-47d2-a274-5c65aa8c93f4', '23ca642f-baa7-4917-b12b-977dcab589c6', '2024-08-08', '2025-01-06', 2434.7, 'canceled');
INSERT INTO Booking (booking_id, property_id, user_id, start_date, end_date, total_price, status) VALUES ('874330a5-7710-48fd-b20a-5f73920712b7', 'cfcc7e89-da7a-4038-b5c3-964d9795a91c', '3ba123df-6396-47f2-a3cb-0d22d459032c', '2024-12-06', '2025-01-09', 3313.9, 'canceled');
INSERT INTO Booking (booking_id, property_id, user_id, start_date, end_date, total_price, status) VALUES ('ba9e9fcb-c091-41b3-b92b-c140791f83a2', 'e887734a-0e71-4d2f-9a22-324e9399bbf3', '524b80d9-120a-4ac0-9eef-7a408943a181', '2025-05-11', '2025-06-09', 1664.26, 'confirmed');
INSERT INTO Booking (booking_id, property_id, user_id, start_date, end_date, total_price, status) VALUES ('1538e535-7a33-4624-af57-b4bc3cf78156', '6c2e6e94-d874-4752-b355-55a3ab97806b', 'e235e573-e3b1-409b-a2b7-0d210a7fac0d', '2024-06-07', '2025-05-11', 3115.28, 'confirmed');
INSERT INTO Booking (booking_id, property_id, user_id, start_date, end_date, total_price, status) VALUES ('3e9c2600-fe44-4c47-9a10-49d3940dcfd2', '6dad9fdf-e80b-4d93-9941-bd4438e4c548', 'a654def0-7531-4446-85b3-0665a98b2ae9', '2024-08-22', '2024-10-16', 3175.51, 'confirmed');
INSERT INTO Booking (booking_id, property_id, user_id, start_date, end_date, total_price, status) VALUES ('cdc951bd-68c3-4690-b309-7a2e5d5379a1', 'cd0664dc-3101-413d-a802-67f3d7c70953', 'd7d45eda-bdc6-43d5-866f-e9f0a47cd81c', '2024-10-13', '2024-12-29', 1460.24, 'canceled');
INSERT INTO Booking (booking_id, property_id, user_id, start_date, end_date, total_price, status) VALUES ('d811bd7d-1611-4b4e-b41d-e9da95ddb1ea', '5363871f-8d44-4134-aa7d-c5855a794a10', 'd8f2ed9b-f09b-415b-8cdb-2e0e0a933e67', '2024-09-26', '2025-01-09', 4639.7, 'pending');
INSERT INTO Booking (booking_id, property_id, user_id, start_date, end_date, total_price, status) VALUES ('7f7718d4-3e6d-4167-8d6f-a2e0087e11db', 'db52db9f-bf30-4696-be82-82d2f6e0b576', '6d28d73d-ba75-45c4-948c-fb68bd21edbf', '2024-05-21', '2024-11-22', 598.48, 'confirmed');
INSERT INTO Booking (booking_id, property_id, user_id, start_date, end_date, total_price, status) VALUES ('0380b8d4-8760-4ba6-b836-992f226ab2be', 'e6901428-ad3f-4f3f-a804-e5eb4abb93fa', '64ba6725-a949-49f4-97e6-c6b9d368ead6', '2025-02-24', '2025-03-28', 3732.32, 'pending');
INSERT INTO Booking (booking_id, property_id, user_id, start_date, end_date, total_price, status) VALUES ('90f3b8df-5f1c-4711-bd6d-acc38aa684cb', '9a783315-4dcb-4ce6-ba0f-62693f0fc09e', 'd9d186af-e0ae-4c7a-bfe7-1385e4df0ca0', '2025-01-31', '2025-04-25', 3914.97, 'confirmed');
INSERT INTO Booking (booking_id, property_id, user_id, start_date, end_date, total_price, status) VALUES ('76253cf6-52db-47a5-8136-cfa1ab3e8385', '6ca30815-c10f-49ac-bb8a-e12be87ac386', 'be5038de-5ade-4ad4-b36b-a010f31e649c', '2024-08-21', '2025-04-18', 1836.16, 'pending');
INSERT INTO Booking (booking_id, property_id, user_id, start_date, end_date, total_price, status) VALUES ('d3d03351-1bfd-407b-861e-8ebc633571a6', '4460f550-11b0-4499-9af5-9c7642ccfb83', '87bb05ad-0630-4c02-a8a2-b86524993cc2', '2024-08-24', '2024-12-10', 4050.23, 'pending');
INSERT INTO Booking (booking_id, property_id, user_id, start_date, end_date, total_price, status) VALUES ('52e4e6a3-a8e3-446c-a487-2302ba706c0b', '9ea8722d-9839-4388-a0f1-0a770e4789ab', '4edbab6b-f666-4cfb-aed5-3412a198dbaa', '2024-07-06', '2024-08-23', 2344.49, 'canceled');
INSERT INTO Booking (booking_id, property_id, user_id, start_date, end_date, total_price, status) VALUES ('7ba6af32-9f33-4552-a10c-ed30659bf969', 'f3725ef6-6b71-44c9-835f-7cb119a39c60', '0d31acf9-6f99-4c04-9f11-36f0279ea4ac', '2024-08-11', '2024-12-19', 626.3, 'confirmed');
INSERT INTO Booking (booking_id, property_id, user_id, start_date, end_date, total_price, status) VALUES ('d2d59953-76fd-4612-b99e-d0f3eaf81055', 'fc6415ef-e068-4d94-b342-022d3cb362a1', '40f2621c-975d-4ce1-b453-4a1709729464', '2025-05-03', '2025-05-06', 635.6, 'canceled');

-- Payments
INSERT INTO Payment (payment_id, booking_id, amount, payment_method) VALUES ('55f602d9-a3c5-4c77-a363-cf252db72622', 'f4a41d99-6d42-4e4a-97a8-1073dcd08f5e', 3646.76, 'stripe');
INSERT INTO Payment (payment_id, booking_id, amount, payment_method) VALUES ('a7bdf187-d6f7-4d40-b66a-22fa52df8a88', 'f4a41d99-6d42-4e4a-97a8-1073dcd08f5e', 4133.72, 'credit_card');
INSERT INTO Payment (payment_id, booking_id, amount, payment_method) VALUES ('76b1a4b6-1236-4c00-a8bd-6445d99c7ad2', '874330a5-7710-48fd-b20a-5f73920712b7', 2936.71, 'stripe');
INSERT INTO Payment (payment_id, booking_id, amount, payment_method) VALUES ('f90f6681-0804-434a-947f-b6b66daf3e71', '214e31f8-ee76-4f82-954c-e91b981e3664', 2496.09, 'stripe');
INSERT INTO Payment (payment_id, booking_id, amount, payment_method) VALUES ('efbbd4a4-c767-49c1-a99b-b8ce7e971cc7', '1538e535-7a33-4624-af57-b4bc3cf78156', 494.06, 'stripe');
INSERT INTO Payment (payment_id, booking_id, amount, payment_method) VALUES ('0f761870-f4b3-489b-bbd8-fd2682cd8294', '108e6017-6c49-4109-8605-1ad7f6db2c48', 3826.89, 'paypal');
INSERT INTO Payment (payment_id, booking_id, amount, payment_method) VALUES ('4d0cb65c-26cf-4ab2-b230-fcf02fc4315c', 'd4c9bb1e-1937-4c6c-865e-48c3aaca2424', 3708.88, 'paypal');
INSERT INTO Payment (payment_id, booking_id, amount, payment_method) VALUES ('734409dc-def0-4553-a51d-f15dbaee379e', '8651d10c-4d8c-4140-818d-8aaee1272102', 4905.69, 'credit_card');
INSERT INTO Payment (payment_id, booking_id, amount, payment_method) VALUES ('b71544c2-3d86-4267-8700-924d39490aec', 'cd313bd6-3ac0-4321-8e0b-becf57b7b409', 2944.31, 'stripe');
INSERT INTO Payment (payment_id, booking_id, amount, payment_method) VALUES ('9ae475dc-7e2c-46ce-8251-45a454ef3921', '6a07f53b-6d49-4749-8cd5-4a546b23e2bc', 3629.04, 'stripe');
INSERT INTO Payment (payment_id, booking_id, amount, payment_method) VALUES ('31378f83-1818-4bb6-a40d-86f99a4aa5fb', '5252f2e8-b1f9-4906-b79d-d76d89f366f8', 3272.75, 'paypal');
INSERT INTO Payment (payment_id, booking_id, amount, payment_method) VALUES ('bb0d7ce1-9b72-4509-b468-2be56799d21b', 'cda3d00f-d065-42f3-8114-eafd6c3fe652', 1860.55, 'credit_card');
INSERT INTO Payment (payment_id, booking_id, amount, payment_method) VALUES ('7c0aa7ba-3c14-4438-88bf-33e6a6fce9e0', 'bc785a41-325d-49a5-9dbf-f5ae42696349', 562.56, 'stripe');
INSERT INTO Payment (payment_id, booking_id, amount, payment_method) VALUES ('e0c35ef0-2fcb-464e-813e-88953494cf2d', '8f0a0395-96ef-400d-b585-29624eb06440', 3184.6, 'stripe');
INSERT INTO Payment (payment_id, booking_id, amount, payment_method) VALUES ('254e0604-9af1-4069-ab65-88d6771219a3', '2a38a701-2e80-4484-8a32-ae1ad301a755', 870.81, 'stripe');
INSERT INTO Payment (payment_id, booking_id, amount, payment_method) VALUES ('65e45c5a-8c44-416e-8dfd-c2aac51ab614', '490eaf89-19e9-42f9-92fe-b8f155780e89', 3711.64, 'credit_card');
INSERT INTO Payment (payment_id, booking_id, amount, payment_method) VALUES ('4fe5e7cb-2da4-448b-aef9-cedea0b59ed1', 'c3f97926-9452-4710-8125-e589f6e2550f', 3999.05, 'paypal');
INSERT INTO Payment (payment_id, booking_id, amount, payment_method) VALUES ('d101b17e-d5ad-4630-9b9e-937f97ecb50e', '20c3f7bc-ae8e-4f6e-963e-1924fe70c0ac', 617.53, 'paypal');
INSERT INTO Payment (payment_id, booking_id, amount, payment_method) VALUES ('d8530c75-c681-4e6f-b510-43750c571042', '2c8068cd-ffc0-42cb-964a-9a344aebffb2', 2112.15, 'credit_card');
INSERT INTO Payment (payment_id, booking_id, amount, payment_method) VALUES ('65067f0b-5eea-4886-863a-8d0e5f2e3c7f', 'cfa3fedd-d68f-4095-a20c-00204f8170b0', 268.43, 'paypal');
INSERT INTO Payment (payment_id, booking_id, amount, payment_method) VALUES ('dec346fb-ff5a-4627-97d9-88607475541a', 'cda3d00f-d065-42f3-8114-eafd6c3fe652', 1768.21, 'paypal');
INSERT INTO Payment (payment_id, booking_id, amount, payment_method) VALUES ('5e1c0b39-2ed7-4199-9fcc-1223659c805f', 'cfa3fedd-d68f-4095-a20c-00204f8170b0', 3432.47, 'paypal');
INSERT INTO Payment (payment_id, booking_id, amount, payment_method) VALUES ('c1cac567-0267-4f7f-84b8-10e4a33d4a16', 'a1d75766-80f0-42fc-8042-a29a8da9e506', 1608.28, 'paypal');
INSERT INTO Payment (payment_id, booking_id, amount, payment_method) VALUES ('d60d44b9-a4ae-40f8-80fb-691be26c343b', '01e37d9e-95a2-4971-b2f4-b10897e13d35', 4272.23, 'stripe');
INSERT INTO Payment (payment_id, booking_id, amount, payment_method) VALUES ('7e850dfc-ef72-469d-b312-5345fbd1a476', 'ac5ead93-f1d9-4dab-a829-b45ce03991bc', 4150.7, 'credit_card');
INSERT INTO Payment (payment_id, booking_id, amount, payment_method) VALUES ('5ade3fb5-bc0a-4f27-9ef8-ca137df08c98', '7f4142a7-d08f-41d5-bd19-16e57a8e1ed7', 498.86, 'stripe');
INSERT INTO Payment (payment_id, booking_id, amount, payment_method) VALUES ('67ebcf20-09ba-48be-85d5-50dba32b81a7', 'bcfdc1d8-cb34-4343-a60f-c106ccd2a8ce', 4172.44, 'stripe');
INSERT INTO Payment (payment_id, booking_id, amount, payment_method) VALUES ('1d80a1f9-1482-42aa-be97-ebb6013733cf', 'fed9acdc-fb0a-4ba0-b12f-9eafbf7890fa', 4411.58, 'paypal');
INSERT INTO Payment (payment_id, booking_id, amount, payment_method) VALUES ('81250a92-fba3-4994-bf00-ba1f2e8a40fb', 'f3222312-ec8d-4330-a351-40a30ac7ae12', 3079.43, 'credit_card');
INSERT INTO Payment (payment_id, booking_id, amount, payment_method) VALUES ('5501409d-c023-4743-8e56-c393bffed644', '3e9c2600-fe44-4c47-9a10-49d3940dcfd2', 127.75, 'stripe');
INSERT INTO Payment (payment_id, booking_id, amount, payment_method) VALUES ('455df65d-a3d1-47fb-a340-ef8b31ea84ea', '0ffd9d04-6fad-43de-9a8d-c4e15c547960', 1417.08, 'credit_card');
INSERT INTO Payment (payment_id, booking_id, amount, payment_method) VALUES ('3c3cf156-7774-4855-8c4b-c885cd2b91d1', 'bd8693e0-f2e1-4e8b-9bab-82db3183df95', 2062.85, 'credit_card');
INSERT INTO Payment (payment_id, booking_id, amount, payment_method) VALUES ('cefe9771-e782-438d-8930-1a48a46d732b', 'bef3b404-d744-4f98-9713-b87a3eb29fa5', 1140.61, 'paypal');
INSERT INTO Payment (payment_id, booking_id, amount, payment_method) VALUES ('121dafde-5b02-4243-8c57-6943216a4a67', '9a94cc6a-d8ed-4c41-a6e5-0fe7308bab95', 4905.09, 'stripe');
INSERT INTO Payment (payment_id, booking_id, amount, payment_method) VALUES ('6319e906-5e13-41bb-b3ff-c9359c4914df', '8651d10c-4d8c-4140-818d-8aaee1272102', 1288.24, 'paypal');
INSERT INTO Payment (payment_id, booking_id, amount, payment_method) VALUES ('24ac7c65-1eee-40d2-8fe6-65e78b06216e', '20c3f7bc-ae8e-4f6e-963e-1924fe70c0ac', 3222.73, 'paypal');
INSERT INTO Payment (payment_id, booking_id, amount, payment_method) VALUES ('0fcdca92-ce2a-4add-b77b-31007f67ab95', 'e36632ec-26ff-4d27-8222-809f7c85c530', 106.42, 'paypal');
INSERT INTO Payment (payment_id, booking_id, amount, payment_method) VALUES ('c17ec07d-734b-4601-9166-1cd458d2d746', '8f0a0395-96ef-400d-b585-29624eb06440', 4692.81, 'credit_card');
INSERT INTO Payment (payment_id, booking_id, amount, payment_method) VALUES ('9cd0fc00-4159-4d52-bf91-818dd30afd7a', '46537d3a-78ed-4c82-ae0c-2a9323f7c559', 1953.63, 'credit_card');
INSERT INTO Payment (payment_id, booking_id, amount, payment_method) VALUES ('1879aa73-8854-4813-a83e-428bb4805017', 'b6631579-5aae-42a2-b472-bb8ec7008ea6', 3982.72, 'paypal');
INSERT INTO Payment (payment_id, booking_id, amount, payment_method) VALUES ('3876b623-4388-44cc-89b0-e7b24bef769b', '07022dfc-7f9e-49c2-af81-5c1018fcda86', 4979.26, 'stripe');
INSERT INTO Payment (payment_id, booking_id, amount, payment_method) VALUES ('67cf8492-6343-419d-8416-e8747ef3ba21', '2cda20ea-5870-414f-9c53-72738c35d45a', 1780.93, 'paypal');
INSERT INTO Payment (payment_id, booking_id, amount, payment_method) VALUES ('da2cc6bd-494a-486a-9bb1-edc6c01ed647', '01e37d9e-95a2-4971-b2f4-b10897e13d35', 489.6, 'paypal');
INSERT INTO Payment (payment_id, booking_id, amount, payment_method) VALUES ('6fbd8f06-97df-45eb-8773-33bd8690e7f3', '2a38a701-2e80-4484-8a32-ae1ad301a755', 4892.26, 'paypal');
INSERT INTO Payment (payment_id, booking_id, amount, payment_method) VALUES ('ae3820f1-28d1-4988-b24c-2b0df645a850', 'bef3b404-d744-4f98-9713-b87a3eb29fa5', 2016.28, 'credit_card');
INSERT INTO Payment (payment_id, booking_id, amount, payment_method) VALUES ('7d9e81ef-7217-441e-a8ce-b676b7dcbb95', 'bef3b404-d744-4f98-9713-b87a3eb29fa5', 1497.44, 'stripe');
INSERT INTO Payment (payment_id, booking_id, amount, payment_method) VALUES ('b4efcf72-8a4b-4903-990e-22cf1127d3c0', '6bac1eb7-463d-4ac2-b1d2-89c18caad9a0', 4340.81, 'paypal');
INSERT INTO Payment (payment_id, booking_id, amount, payment_method) VALUES ('270785fb-8650-4518-bbb8-3352ef5bb084', 'd2d59953-76fd-4612-b99e-d0f3eaf81055', 2442.58, 'credit_card');
INSERT INTO Payment (payment_id, booking_id, amount, payment_method) VALUES ('567daa21-f364-48a2-b3ba-da7da7befbb1', 'a67cfe8e-1276-4f62-a3a4-978f6e9bf16a', 3164.26, 'stripe');
INSERT INTO Payment (payment_id, booking_id, amount, payment_method) VALUES ('f696f4c9-c6ff-461a-abd0-8caf9d714a28', 'f4fb006a-ae2b-4ed5-91af-9bb6d6016244', 1096.06, 'stripe');
INSERT INTO Payment (payment_id, booking_id, amount, payment_method) VALUES ('e93e1c91-5974-4526-9d0c-23088330fd87', '01e37d9e-95a2-4971-b2f4-b10897e13d35', 3502.01, 'paypal');
INSERT INTO Payment (payment_id, booking_id, amount, payment_method) VALUES ('610c0795-77d9-4c8d-9879-4bdf78cef6d1', 'cfd4d0f5-6a97-49cc-8382-5122764dc9dd', 1964.21, 'stripe');
INSERT INTO Payment (payment_id, booking_id, amount, payment_method) VALUES ('9f6f8001-59f9-4d9b-a8a1-6bcc3db554ee', '4a7a8be0-e0b9-4a95-aa73-40742fa3bca0', 3680.98, 'stripe');
INSERT INTO Payment (payment_id, booking_id, amount, payment_method) VALUES ('882a17d3-7834-4968-a0cc-7fa9457cad47', '1a9f5825-1649-478c-bac9-881842ed18ec', 2627.95, 'credit_card');
INSERT INTO Payment (payment_id, booking_id, amount, payment_method) VALUES ('d8243aa0-3e37-4ec5-9e74-54130f6deaf8', 'a7f117ba-7506-4de3-b18c-527624ade1b7', 753.07, 'stripe');
INSERT INTO Payment (payment_id, booking_id, amount, payment_method) VALUES ('0b51a1d2-ec30-45f8-b669-73a30beaadf4', 'b6a7427b-6860-49fa-8f52-0aa2fc514a91', 2458.01, 'credit_card');
INSERT INTO Payment (payment_id, booking_id, amount, payment_method) VALUES ('99c1e5ba-b80f-4940-af0f-6599e155545c', 'e775b8a8-02f6-41dc-abb4-56696f09c5e5', 246.07, 'credit_card');
INSERT INTO Payment (payment_id, booking_id, amount, payment_method) VALUES ('3ec56d82-d168-4c54-a49b-cd7c4e7b8b64', '5618268c-f280-4178-b161-984ccb39654a', 1810.08, 'credit_card');
INSERT INTO Payment (payment_id, booking_id, amount, payment_method) VALUES ('a096837d-8b48-4eb1-998b-3891a3767354', '87ccfd48-084d-40f2-af0b-2ccfdcc61d48', 3404.04, 'credit_card');
INSERT INTO Payment (payment_id, booking_id, amount, payment_method) VALUES ('fe24a7cc-91cf-48ed-b8e8-25f21d2e9ff4', '949aa6be-485a-45b9-981d-8d0b0796eb90', 2565.76, 'paypal');
INSERT INTO Payment (payment_id, booking_id, amount, payment_method) VALUES ('b72bde1a-7cf6-42c4-99e2-cb811c3bdbd9', '20c3f7bc-ae8e-4f6e-963e-1924fe70c0ac', 3498.31, 'stripe');
INSERT INTO Payment (payment_id, booking_id, amount, payment_method) VALUES ('e380dcd1-8782-403d-85dd-cca5a72dc7c4', '77f6085c-bf9b-44fd-9e32-75e8027b6beb', 452.97, 'credit_card');
INSERT INTO Payment (payment_id, booking_id, amount, payment_method) VALUES ('8e377ac7-3463-47c9-ac50-aa8690773be0', 'e513d342-6415-49bb-906a-2e8399cf8ec4', 896.04, 'credit_card');
INSERT INTO Payment (payment_id, booking_id, amount, payment_method) VALUES ('05cd7886-47af-44ad-b0b9-94e72c3e0651', 'f758b2db-be7a-4d73-b306-ba571ef3750d', 4239.28, 'credit_card');
INSERT INTO Payment (payment_id, booking_id, amount, payment_method) VALUES ('e5db441d-efc6-4184-9d24-702d348be428', '6e0bc8ba-088f-4cb8-955b-c6743d45f0f5', 3091.96, 'credit_card');
INSERT INTO Payment (payment_id, booking_id, amount, payment_method) VALUES ('480f67b8-2c7c-49d3-a6f0-4fac83546159', '5252f2e8-b1f9-4906-b79d-d76d89f366f8', 517.87, 'credit_card');
INSERT INTO Payment (payment_id, booking_id, amount, payment_method) VALUES ('5188ea0b-acae-4ba8-a39a-c8ee53aed3c0', '57804680-17e7-4c35-a5ee-946002bac25a', 3192.98, 'credit_card');
INSERT INTO Payment (payment_id, booking_id, amount, payment_method) VALUES ('dd511635-bb58-4522-b9dc-e47090499d7e', '7ac468af-1a00-46f2-b133-bedc495cb8d8', 1050.55, 'credit_card');
INSERT INTO Payment (payment_id, booking_id, amount, payment_method) VALUES ('997c6598-eb2c-453e-9b63-fda74724ca68', 'a52fcc79-383b-4110-84d7-838ed9771281', 245.49, 'paypal');
INSERT INTO Payment (payment_id, booking_id, amount, payment_method) VALUES ('adceb3fe-30ba-4f47-bfcd-8849e5d10fe8', '3172b478-8893-469f-8d29-ea77b4615530', 1680.21, 'credit_card');
INSERT INTO Payment (payment_id, booking_id, amount, payment_method) VALUES ('6598fdf2-8e29-4a3b-a72f-a1f0ab3bc2a2', '90f3b8df-5f1c-4711-bd6d-acc38aa684cb', 4958.51, 'credit_card');
INSERT INTO Payment (payment_id, booking_id, amount, payment_method) VALUES ('a8b77216-870d-4be8-b97a-9cc0ca78143e', '7ac468af-1a00-46f2-b133-bedc495cb8d8', 2026.7, 'paypal');
INSERT INTO Payment (payment_id, booking_id, amount, payment_method) VALUES ('577e6954-8c50-43c4-879e-b875b5aa4de3', 'ba330aaf-6bc7-493e-93ae-ab4dfa45987d', 3104.82, 'credit_card');
INSERT INTO Payment (payment_id, booking_id, amount, payment_method) VALUES ('0f0f8528-cd6b-4b70-bcf8-640199e852c6', '7ba6af32-9f33-4552-a10c-ed30659bf969', 3092.76, 'stripe');
INSERT INTO Payment (payment_id, booking_id, amount, payment_method) VALUES ('357dc58f-5f96-408d-9b6c-d6565b085757', '8bf5d01b-545b-42d5-bf9a-661b4daa8952', 4783.26, 'credit_card');
INSERT INTO Payment (payment_id, booking_id, amount, payment_method) VALUES ('92397d73-63dd-41ba-8250-e40db02f1afa', 'c3f97926-9452-4710-8125-e589f6e2550f', 1081.74, 'stripe');
INSERT INTO Payment (payment_id, booking_id, amount, payment_method) VALUES ('2a6a465e-e023-4bb5-a38e-e83240a25aa4', '108e6017-6c49-4109-8605-1ad7f6db2c48', 3551.14, 'stripe');
INSERT INTO Payment (payment_id, booking_id, amount, payment_method) VALUES ('b9121531-4844-4f27-897d-c28f81294785', 'ad9c1ef0-eec2-4299-9f68-2076b330e766', 3707.77, 'credit_card');
INSERT INTO Payment (payment_id, booking_id, amount, payment_method) VALUES ('bed439a2-43ff-43c9-b289-38387d2cac39', 'f4a41d99-6d42-4e4a-97a8-1073dcd08f5e', 1444.72, 'credit_card');
INSERT INTO Payment (payment_id, booking_id, amount, payment_method) VALUES ('adfdec34-d52c-4efa-b93d-f6c9779d9039', '186be87a-1ebb-4d73-bd47-503c901cdbdc', 746.87, 'stripe');
INSERT INTO Payment (payment_id, booking_id, amount, payment_method) VALUES ('f4e69fa4-8895-4163-9e76-8d5c88c4bff9', '3e9c2600-fe44-4c47-9a10-49d3940dcfd2', 1139.12, 'stripe');
INSERT INTO Payment (payment_id, booking_id, amount, payment_method) VALUES ('7627dba2-2e7f-4b8e-b67d-63c1258b61bf', '304341ef-c22a-4414-95e3-a774d8739aeb', 1369.34, 'paypal');
INSERT INTO Payment (payment_id, booking_id, amount, payment_method) VALUES ('85538e47-817d-46e3-a53f-ed4bf2cc8e20', 'cd313bd6-3ac0-4321-8e0b-becf57b7b409', 572.34, 'stripe');
INSERT INTO Payment (payment_id, booking_id, amount, payment_method) VALUES ('b3956d13-78bb-490a-b11e-6f1a7dc568f0', '6a71c1ad-13b4-4de5-818d-ba7cb0df5407', 2791.01, 'credit_card');
INSERT INTO Payment (payment_id, booking_id, amount, payment_method) VALUES ('0aacd729-7fb9-4c6a-9ff2-8d1d5921db03', '6a71c1ad-13b4-4de5-818d-ba7cb0df5407', 522.06, 'paypal');
INSERT INTO Payment (payment_id, booking_id, amount, payment_method) VALUES ('3fa78c4e-2692-421d-bcae-c55e2508b77f', '286eb1e2-7c25-428c-b6ec-d1c98ddef8ea', 968.52, 'credit_card');
INSERT INTO Payment (payment_id, booking_id, amount, payment_method) VALUES ('973214b6-7e7a-49cd-b00a-5520ab03b242', '4d54939b-ae3d-4740-88f2-3f367c366390', 1577.14, 'credit_card');
INSERT INTO Payment (payment_id, booking_id, amount, payment_method) VALUES ('5bf81cf0-a294-4d27-8061-b7ea27b47482', 'a67cfe8e-1276-4f62-a3a4-978f6e9bf16a', 4294.07, 'stripe');
INSERT INTO Payment (payment_id, booking_id, amount, payment_method) VALUES ('820d8934-865d-48a3-8c43-627954082e64', '7f042426-82f1-46ae-86b4-4b09c36cfe34', 1671.8, 'paypal');
INSERT INTO Payment (payment_id, booking_id, amount, payment_method) VALUES ('2cce2abe-5b51-427d-ab6c-15a20de81be6', '57b916fc-5a8f-4d9a-a49b-497becd48429', 4744.82, 'stripe');
INSERT INTO Payment (payment_id, booking_id, amount, payment_method) VALUES ('4b01df88-aeab-45ac-aa64-0738c007e534', '9a94cc6a-d8ed-4c41-a6e5-0fe7308bab95', 221.03, 'paypal');
INSERT INTO Payment (payment_id, booking_id, amount, payment_method) VALUES ('9045fbdc-0322-424a-99eb-5f4e64668430', '432683f8-e990-44bf-9410-5875f0183acc', 4946.51, 'paypal');
INSERT INTO Payment (payment_id, booking_id, amount, payment_method) VALUES ('61fa05be-9890-4b3f-a100-f25f6ea0d156', '87a32fa8-3222-4be2-b781-5933187ad6e1', 3920.94, 'credit_card');
INSERT INTO Payment (payment_id, booking_id, amount, payment_method) VALUES ('5b0a9242-44c7-43d4-bf1b-14682f83f109', 'fbfd7ac3-ec49-4640-b974-7c00bfe4fcf6', 4738.35, 'stripe');
INSERT INTO Payment (payment_id, booking_id, amount, payment_method) VALUES ('2ebaf83d-d961-4dc3-8c27-292e7f8e82c2', 'd1472e7e-5704-463d-8fc9-83c388863b16', 3092.88, 'paypal');
INSERT INTO Payment (payment_id, booking_id, amount, payment_method) VALUES ('230e5491-1b99-4f1d-afe0-fbcb1cd012b9', 'e7411455-ad4e-47db-8834-c3aa94c1a253', 1440.9, 'paypal');
INSERT INTO Payment (payment_id, booking_id, amount, payment_method) VALUES ('83b9d646-e177-423a-b2ad-f07ef73b00e6', 'bd8693e0-f2e1-4e8b-9bab-82db3183df95', 2787.8, 'paypal');
INSERT INTO Payment (payment_id, booking_id, amount, payment_method) VALUES ('0e769917-3b0f-4920-b904-076edee7949f', '02057846-0845-4fdb-9881-862d4d4534e3', 4976.5, 'stripe');
INSERT INTO Payment (payment_id, booking_id, amount, payment_method) VALUES ('01ff819b-c35e-4527-a317-8550af234bc8', '2a38a701-2e80-4484-8a32-ae1ad301a755', 2247.39, 'credit_card');
INSERT INTO Payment (payment_id, booking_id, amount, payment_method) VALUES ('dbe0ba99-40c7-48bf-99ba-17baecd6af34', 'a1140116-de69-492c-8629-009b40ebfed8', 445.82, 'paypal');
INSERT INTO Payment (payment_id, booking_id, amount, payment_method) VALUES ('862e1509-1f11-4f9f-9130-a0823ac5833e', '01e37d9e-95a2-4971-b2f4-b10897e13d35', 3599.59, 'paypal');
INSERT INTO Payment (payment_id, booking_id, amount, payment_method) VALUES ('1cfbbcdf-5da1-402a-b580-2dddf6ca0568', 'c9ebaea8-e517-4d7c-b30b-af23c1d13fac', 2543.09, 'stripe');
INSERT INTO Payment (payment_id, booking_id, amount, payment_method) VALUES ('19b45610-18dc-448b-bb48-2a49106f2bd0', '52e4e6a3-a8e3-446c-a487-2302ba706c0b', 1954.27, 'stripe');
INSERT INTO Payment (payment_id, booking_id, amount, payment_method) VALUES ('aaa36bc6-4a6a-430f-be57-672be1655813', '5612f648-02b9-4e64-9a04-0c93ea92af49', 1929.88, 'paypal');
INSERT INTO Payment (payment_id, booking_id, amount, payment_method) VALUES ('e45116a1-9324-434a-a561-382fd2034758', '10ff477c-d3a2-4f39-bb3f-746b030541d2', 108.32, 'stripe');
INSERT INTO Payment (payment_id, booking_id, amount, payment_method) VALUES ('ce86fe30-cd66-4d6d-8112-1d2129103ea5', '4fabee60-3fdc-496a-b21a-f4e38f538ae1', 2191.23, 'paypal');
INSERT INTO Payment (payment_id, booking_id, amount, payment_method) VALUES ('4ab7a9a8-f675-4e6e-9d3e-b67082f7aff5', '284c3bda-605d-4c72-8f30-25a89c756bc6', 1838.83, 'credit_card');
INSERT INTO Payment (payment_id, booking_id, amount, payment_method) VALUES ('bdccde94-f7e0-43ac-94ff-d7476ed112e3', 'd3d03351-1bfd-407b-861e-8ebc633571a6', 3686.93, 'paypal');
INSERT INTO Payment (payment_id, booking_id, amount, payment_method) VALUES ('9cdfab11-f4f0-426d-bd63-84508f57e881', 'd9e5e670-72eb-41fa-8ed3-fd635768607b', 3157.99, 'stripe');
INSERT INTO Payment (payment_id, booking_id, amount, payment_method) VALUES ('50ce18aa-5b4f-44ca-b150-1b2b10071012', 'a1140116-de69-492c-8629-009b40ebfed8', 3171.57, 'paypal');
INSERT INTO Payment (payment_id, booking_id, amount, payment_method) VALUES ('ac4e47b8-fb0e-4c27-abdd-17300645695e', 'e36632ec-26ff-4d27-8222-809f7c85c530', 1942.68, 'stripe');
INSERT INTO Payment (payment_id, booking_id, amount, payment_method) VALUES ('a6131900-9e53-41bf-bbb3-cea19e00d60f', 'e7411455-ad4e-47db-8834-c3aa94c1a253', 4793.16, 'credit_card');
INSERT INTO Payment (payment_id, booking_id, amount, payment_method) VALUES ('42abcfe6-05b0-4ca5-8514-2679ce650bc8', '89ec1295-e5a1-424b-8f8c-5bf5270d9705', 3426.2, 'credit_card');
INSERT INTO Payment (payment_id, booking_id, amount, payment_method) VALUES ('cfb93e87-5cfe-423a-abd4-fe70dd51de86', '9b95ec3b-cc72-4fde-a015-388409477768', 4532.44, 'paypal');
INSERT INTO Payment (payment_id, booking_id, amount, payment_method) VALUES ('f1f653a7-3f49-432e-9b2b-0f92cef19a82', 'cd313bd6-3ac0-4321-8e0b-becf57b7b409', 3315.64, 'paypal');
INSERT INTO Payment (payment_id, booking_id, amount, payment_method) VALUES ('01e79fc3-6f2a-47bc-9b28-3b69c3f44008', '490eaf89-19e9-42f9-92fe-b8f155780e89', 316.03, 'credit_card');
INSERT INTO Payment (payment_id, booking_id, amount, payment_method) VALUES ('3d9772d5-2de2-45a9-8315-f63ed4db56af', 'd37be0cc-c8d1-4864-9c55-cfe0d4eee635', 2494.76, 'credit_card');
INSERT INTO Payment (payment_id, booking_id, amount, payment_method) VALUES ('e37cd8d9-4b46-4a8d-9629-9fc95b4cc3e2', '92988d62-a586-4228-a472-62e729eb8d91', 651.23, 'stripe');
INSERT INTO Payment (payment_id, booking_id, amount, payment_method) VALUES ('d6724a74-2b5a-49a5-a539-7b1fb02672ea', 'f5deae93-b454-4cbb-ac9a-1f26b166ac4e', 3522.28, 'credit_card');
INSERT INTO Payment (payment_id, booking_id, amount, payment_method) VALUES ('f797d88b-ed39-46b9-b325-6b189e42efec', '07a3c285-fff6-4688-a4ad-c5e7b90c4f17', 2962.47, 'stripe');
INSERT INTO Payment (payment_id, booking_id, amount, payment_method) VALUES ('c25e9536-4e3f-4156-88db-abeb4c429929', 'c9ebaea8-e517-4d7c-b30b-af23c1d13fac', 2185.22, 'paypal');
INSERT INTO Payment (payment_id, booking_id, amount, payment_method) VALUES ('ee355cc3-84a1-4ecd-ba9d-edc1077dad5e', 'e8e3ca06-843a-4b83-9d61-e49211aae4f9', 746.84, 'stripe');
INSERT INTO Payment (payment_id, booking_id, amount, payment_method) VALUES ('6db00c1e-f62d-4f0d-a57d-afd51e2f522a', '8f0a0395-96ef-400d-b585-29624eb06440', 3649.41, 'stripe');
INSERT INTO Payment (payment_id, booking_id, amount, payment_method) VALUES ('980577cf-7c2a-4c60-a88f-f872cef27d92', 'f758b2db-be7a-4d73-b306-ba571ef3750d', 2618.59, 'paypal');
INSERT INTO Payment (payment_id, booking_id, amount, payment_method) VALUES ('c2f1cfdb-ef86-4fe9-8c5c-09cf72f6cc5b', 'fbef2557-c4e7-45d1-9d0c-ffe0738231ed', 4495.32, 'credit_card');
INSERT INTO Payment (payment_id, booking_id, amount, payment_method) VALUES ('3c87b4b3-137a-46fb-9e97-9a8be9535a63', '468e1dd5-6492-45ca-be1f-b2645ea7b8e7', 4768.45, 'paypal');
INSERT INTO Payment (payment_id, booking_id, amount, payment_method) VALUES ('7c1ae447-03ee-405b-8151-af9f105b7143', 'e5ab1147-f40b-4ed6-abc8-b8cbb6d757c4', 561.05, 'stripe');
INSERT INTO Payment (payment_id, booking_id, amount, payment_method) VALUES ('4542813d-de16-4a24-8473-419f6782794c', '81170581-652e-4a8f-b00f-fac88f203357', 4115.08, 'credit_card');
INSERT INTO Payment (payment_id, booking_id, amount, payment_method) VALUES ('83579389-b831-48ff-adcf-f70b420e65ab', '5b542e3b-1459-4e57-ab62-2c508f62115f', 3201.25, 'credit_card');
INSERT INTO Payment (payment_id, booking_id, amount, payment_method) VALUES ('d65843b0-c99e-4ace-9ab5-ad8560e583c2', 'c177d79f-75b9-4fd2-8c98-ef2181cf8e1e', 4712.49, 'stripe');
INSERT INTO Payment (payment_id, booking_id, amount, payment_method) VALUES ('4f37acc9-dc6f-4393-ac51-1c4c0b40c52c', '4199e543-4a6e-40b6-9ffc-ceb289792cd7', 2759.08, 'paypal');
INSERT INTO Payment (payment_id, booking_id, amount, payment_method) VALUES ('507a8e63-0c10-447d-b213-bab0e40d5561', '284c3bda-605d-4c72-8f30-25a89c756bc6', 2414.37, 'stripe');
INSERT INTO Payment (payment_id, booking_id, amount, payment_method) VALUES ('723dd831-1457-4234-ae72-8b3bc40f53b4', '949aa6be-485a-45b9-981d-8d0b0796eb90', 3370.75, 'paypal');
INSERT INTO Payment (payment_id, booking_id, amount, payment_method) VALUES ('7c5b60c4-b670-409d-9059-a92279a9f928', 'a1140116-de69-492c-8629-009b40ebfed8', 181.78, 'stripe');
INSERT INTO Payment (payment_id, booking_id, amount, payment_method) VALUES ('34a23e58-5feb-48f1-a643-50692d885c7e', '00135ce3-5c95-4a03-9062-9403ba05122f', 2731.78, 'paypal');
INSERT INTO Payment (payment_id, booking_id, amount, payment_method) VALUES ('8414b6f6-a2a6-4068-babb-772eb17d7868', 'dcaa391b-28bc-4d50-a034-c899ffa503e8', 3590.14, 'paypal');
INSERT INTO Payment (payment_id, booking_id, amount, payment_method) VALUES ('f428041c-1578-4dfb-a1c0-f6352d17da58', 'c8207f75-926e-49cf-bdfc-ca9e87d0cfc6', 226.99, 'stripe');
INSERT INTO Payment (payment_id, booking_id, amount, payment_method) VALUES ('b424664f-2cd8-4d61-945e-cdf749e7a495', '214e31f8-ee76-4f82-954c-e91b981e3664', 942.25, 'paypal');
INSERT INTO Payment (payment_id, booking_id, amount, payment_method) VALUES ('336bc49a-15e5-4883-9779-762bbb7d202e', 'f55d0e17-dc0f-427e-9899-771041fb3c41', 3741.57, 'paypal');
INSERT INTO Payment (payment_id, booking_id, amount, payment_method) VALUES ('b222e64c-8d4c-462c-98b0-f30396a64504', '19bd833b-4f43-42e0-aeae-7f3863e756aa', 1504.09, 'credit_card');
INSERT INTO Payment (payment_id, booking_id, amount, payment_method) VALUES ('c3e49072-1acc-4dd9-a3a2-39da7280d6e8', 'cdc951bd-68c3-4690-b309-7a2e5d5379a1', 853.14, 'stripe');
INSERT INTO Payment (payment_id, booking_id, amount, payment_method) VALUES ('0ab7cbed-7957-4082-a6a1-1b724034a4be', '214e31f8-ee76-4f82-954c-e91b981e3664', 4496.45, 'credit_card');
INSERT INTO Payment (payment_id, booking_id, amount, payment_method) VALUES ('d6098c79-8606-421b-b659-a57eca8f6ea9', '2c8068cd-ffc0-42cb-964a-9a344aebffb2', 2078.04, 'paypal');
INSERT INTO Payment (payment_id, booking_id, amount, payment_method) VALUES ('139dc829-aa7d-408b-b74c-7dcb10458d5d', '9ae0fa33-7428-4b08-9ca3-4bef1d5a90d6', 4644.8, 'stripe');
INSERT INTO Payment (payment_id, booking_id, amount, payment_method) VALUES ('98e75124-3b54-420f-abdb-ec343051e3d1', '5612f648-02b9-4e64-9a04-0c93ea92af49', 632.74, 'paypal');
INSERT INTO Payment (payment_id, booking_id, amount, payment_method) VALUES ('22fb7ed2-052a-4b5b-ac26-1948112718e4', '90f3b8df-5f1c-4711-bd6d-acc38aa684cb', 4151.06, 'credit_card');
INSERT INTO Payment (payment_id, booking_id, amount, payment_method) VALUES ('45ff7b04-a564-4d26-ad17-98895ed1cdac', '03f5b9e9-a38f-46bc-89ae-03852abac534', 4087.54, 'stripe');
INSERT INTO Payment (payment_id, booking_id, amount, payment_method) VALUES ('012a9352-284a-4a53-a301-fe503f9e36a1', '32dc79f9-f0ab-431e-8cc0-9c86396d2cfa', 4389.61, 'credit_card');
INSERT INTO Payment (payment_id, booking_id, amount, payment_method) VALUES ('ead75761-5354-4fbd-a12b-6701ef1421c4', '00135ce3-5c95-4a03-9062-9403ba05122f', 3249.94, 'paypal');
INSERT INTO Payment (payment_id, booking_id, amount, payment_method) VALUES ('98b9fca2-94f8-4412-9183-cc839de91619', '3c588963-e163-41b9-890a-4e1ac35b36f8', 2175.5, 'paypal');
INSERT INTO Payment (payment_id, booking_id, amount, payment_method) VALUES ('033426ce-9e87-420c-8c26-c77f0bc9f9e0', '5b542e3b-1459-4e57-ab62-2c508f62115f', 435.28, 'stripe');
INSERT INTO Payment (payment_id, booking_id, amount, payment_method) VALUES ('b6d4f95d-9d47-4fd3-867e-a3a797a5957f', 'fbfd7ac3-ec49-4640-b974-7c00bfe4fcf6', 427.06, 'stripe');
INSERT INTO Payment (payment_id, booking_id, amount, payment_method) VALUES ('d6b7c227-4b79-41eb-a400-e16a93f1268f', '46537d3a-78ed-4c82-ae0c-2a9323f7c559', 2089.42, 'credit_card');
INSERT INTO Payment (payment_id, booking_id, amount, payment_method) VALUES ('d4c2a93b-7dff-40d9-84a4-bfb6dc90b788', '062bf50d-0565-440f-83d4-eded74974a93', 4398.99, 'credit_card');
INSERT INTO Payment (payment_id, booking_id, amount, payment_method) VALUES ('5fba757b-c339-490e-9d93-ad6843a5bcd6', '714e2a05-50e5-4ace-bbd3-3d542d89d11a', 656.68, 'credit_card');
INSERT INTO Payment (payment_id, booking_id, amount, payment_method) VALUES ('e7b4030c-b0bc-449c-a417-04c386362ec5', 'c9ebaea8-e517-4d7c-b30b-af23c1d13fac', 2701.55, 'paypal');
INSERT INTO Payment (payment_id, booking_id, amount, payment_method) VALUES ('fbdae6bb-9fb0-4d89-901e-12a8a5fe87d6', '5a26a645-b3bc-411c-bdee-dbb77c51e79d', 2830.76, 'credit_card');
INSERT INTO Payment (payment_id, booking_id, amount, payment_method) VALUES ('1438aa69-fbcd-4dc6-ae44-17da863b6f2b', '9ae0fa33-7428-4b08-9ca3-4bef1d5a90d6', 4806.21, 'stripe');
INSERT INTO Payment (payment_id, booking_id, amount, payment_method) VALUES ('c6c927ce-d744-42b6-8c33-15a5299fd968', 'e87639e9-98ad-42fa-aa15-6c31f5264aa1', 4067.49, 'credit_card');
INSERT INTO Payment (payment_id, booking_id, amount, payment_method) VALUES ('659b7cc2-ba43-4a8a-a2a1-c5ad3a48894a', 'e87639e9-98ad-42fa-aa15-6c31f5264aa1', 231.08, 'credit_card');
INSERT INTO Payment (payment_id, booking_id, amount, payment_method) VALUES ('bfb23164-f21a-4b75-bcf3-58508f6333ac', '5781df37-995c-41d1-9b31-57977d7a7cc2', 4337.45, 'paypal');
INSERT INTO Payment (payment_id, booking_id, amount, payment_method) VALUES ('0a181c68-a97d-42d7-9ec3-b0cda572592a', '5618268c-f280-4178-b161-984ccb39654a', 1583.55, 'credit_card');
INSERT INTO Payment (payment_id, booking_id, amount, payment_method) VALUES ('59714572-59a2-4222-97fa-5e0c67532a57', '0d78cfb6-70ae-43e5-8435-758001a85955', 4179.94, 'credit_card');
INSERT INTO Payment (payment_id, booking_id, amount, payment_method) VALUES ('7aa4ea90-1a73-4caa-998c-024889e6a84f', '05888de3-857b-4053-b7d9-e8e6f8e684a0', 3747.37, 'paypal');
INSERT INTO Payment (payment_id, booking_id, amount, payment_method) VALUES ('c890b34e-be4f-4937-be22-d4af54e48351', '198e1846-6511-467c-980c-236eae4b4575', 2294.91, 'credit_card');
INSERT INTO Payment (payment_id, booking_id, amount, payment_method) VALUES ('c7f2bb27-fb2a-4090-b45d-ac678cc3a929', '5b542e3b-1459-4e57-ab62-2c508f62115f', 2060.44, 'paypal');
INSERT INTO Payment (payment_id, booking_id, amount, payment_method) VALUES ('43d57d23-048f-40c7-b13c-88ec04247585', 'e775b8a8-02f6-41dc-abb4-56696f09c5e5', 2359.26, 'stripe');
INSERT INTO Payment (payment_id, booking_id, amount, payment_method) VALUES ('f90c3ac0-5962-418a-a6b3-a7f0c97d78cd', '77f6085c-bf9b-44fd-9e32-75e8027b6beb', 2883.88, 'credit_card');
INSERT INTO Payment (payment_id, booking_id, amount, payment_method) VALUES ('a08c3cee-b027-4a6f-b3a7-87efe2462cf1', 'e5ab1147-f40b-4ed6-abc8-b8cbb6d757c4', 4045.13, 'paypal');
INSERT INTO Payment (payment_id, booking_id, amount, payment_method) VALUES ('6c3fe021-82bf-47c7-8504-e05a82e0e896', 'cb1e449e-d41a-40be-8743-b7b81816efb5', 2742.99, 'credit_card');
INSERT INTO Payment (payment_id, booking_id, amount, payment_method) VALUES ('5a8d2fcf-90bc-467e-806a-c169139e3b48', 'bc785a41-325d-49a5-9dbf-f5ae42696349', 1165.27, 'paypal');
INSERT INTO Payment (payment_id, booking_id, amount, payment_method) VALUES ('daf94722-1109-43c2-904a-6490beb2746f', 'a9148ccd-ac97-463f-b706-a7a0187f96f3', 529.39, 'stripe');
INSERT INTO Payment (payment_id, booking_id, amount, payment_method) VALUES ('921d0ff3-d995-452b-b959-03eff9ed699c', '07022dfc-7f9e-49c2-af81-5c1018fcda86', 4780.36, 'paypal');
INSERT INTO Payment (payment_id, booking_id, amount, payment_method) VALUES ('64541c03-33ca-4677-ab6d-2449ccd50141', '0445f67c-5aa4-4c7d-a84f-ceccf0ac530b', 3323.65, 'stripe');
INSERT INTO Payment (payment_id, booking_id, amount, payment_method) VALUES ('6321bdf2-da19-4c87-9bc1-f36682508bb2', '0ffd9d04-6fad-43de-9a8d-c4e15c547960', 172.71, 'stripe');
INSERT INTO Payment (payment_id, booking_id, amount, payment_method) VALUES ('9caeb8a2-3f6d-4235-bfac-ab89cfb55da5', 'ec856ded-21d3-4f49-b555-8bd4d8d9340d', 4335.31, 'paypal');
INSERT INTO Payment (payment_id, booking_id, amount, payment_method) VALUES ('550d3135-aaf0-41f3-a49b-21d5d828dfc7', '188fd0b5-8e3c-46a9-9a30-38016086e0ac', 4497.36, 'credit_card');
INSERT INTO Payment (payment_id, booking_id, amount, payment_method) VALUES ('08f2ca6c-b658-4dee-9036-638c00120478', '8b224af2-2780-4ba3-a451-829473c68046', 2432.14, 'stripe');
INSERT INTO Payment (payment_id, booking_id, amount, payment_method) VALUES ('269824dd-c0ec-4271-ba17-d9ef4104d856', 'fed9acdc-fb0a-4ba0-b12f-9eafbf7890fa', 4549.95, 'credit_card');
INSERT INTO Payment (payment_id, booking_id, amount, payment_method) VALUES ('d64423fb-5c77-4cff-9fe9-2518daa84c33', 'd17971cd-bb4a-4963-ab14-1e110d84fd41', 3962.71, 'stripe');
INSERT INTO Payment (payment_id, booking_id, amount, payment_method) VALUES ('a71b6e20-0dfa-4d6c-b127-2f2cc7293474', '77f6085c-bf9b-44fd-9e32-75e8027b6beb', 2826.39, 'credit_card');
INSERT INTO Payment (payment_id, booking_id, amount, payment_method) VALUES ('ed65ee58-ad3a-4a26-b3b5-36ca699bafc4', '11c08bec-246e-4952-8717-1879b26f6513', 2890.78, 'paypal');
INSERT INTO Payment (payment_id, booking_id, amount, payment_method) VALUES ('d29a4376-1067-409c-bced-970dc44f2f60', 'bc785a41-325d-49a5-9dbf-f5ae42696349', 3589.56, 'paypal');
INSERT INTO Payment (payment_id, booking_id, amount, payment_method) VALUES ('75304729-3466-47c7-affe-ffe39a4aad6d', '0ffd9d04-6fad-43de-9a8d-c4e15c547960', 806.95, 'paypal');
INSERT INTO Payment (payment_id, booking_id, amount, payment_method) VALUES ('b0c56fe7-9ea8-40a5-ad3a-473604bf0c66', '3c588963-e163-41b9-890a-4e1ac35b36f8', 4136.13, 'paypal');
INSERT INTO Payment (payment_id, booking_id, amount, payment_method) VALUES ('bfdfe5bb-0c54-4e8a-b9c3-729d16c70fcc', '6e0bc8ba-088f-4cb8-955b-c6743d45f0f5', 3884.02, 'credit_card');
INSERT INTO Payment (payment_id, booking_id, amount, payment_method) VALUES ('19955139-b646-40df-bcde-c5c7537dc326', '7f042426-82f1-46ae-86b4-4b09c36cfe34', 1297.5, 'paypal');
INSERT INTO Payment (payment_id, booking_id, amount, payment_method) VALUES ('01233797-b44e-4d59-afdb-d4906ee9c981', 'c973be03-ad8f-42a0-ab62-a4adaca56c6d', 2053.26, 'stripe');
INSERT INTO Payment (payment_id, booking_id, amount, payment_method) VALUES ('1f1ccee5-eac7-439d-9e74-a166d34ae121', 'ba9e9fcb-c091-41b3-b92b-c140791f83a2', 4655.17, 'paypal');
INSERT INTO Payment (payment_id, booking_id, amount, payment_method) VALUES ('0bef925b-f3cc-477d-ba12-67349b755c84', '5e233c3f-9dd7-4f30-9aac-a5dc5ca42d26', 438.04, 'credit_card');
INSERT INTO Payment (payment_id, booking_id, amount, payment_method) VALUES ('a3d85bbb-b640-4222-a340-fdbc43438e15', '32dc79f9-f0ab-431e-8cc0-9c86396d2cfa', 1081.49, 'credit_card');
INSERT INTO Payment (payment_id, booking_id, amount, payment_method) VALUES ('3df4c520-2fe7-4cdd-b92a-9ba2eee02b73', '3c588963-e163-41b9-890a-4e1ac35b36f8', 4904.49, 'credit_card');
INSERT INTO Payment (payment_id, booking_id, amount, payment_method) VALUES ('439a4e11-9570-4c86-b289-e43014edb7b8', '4fabee60-3fdc-496a-b21a-f4e38f538ae1', 2048.41, 'credit_card');
INSERT INTO Payment (payment_id, booking_id, amount, payment_method) VALUES ('864e3a1f-160f-4329-8cf7-03f2afb5ea25', '101cf80e-9188-41cd-9530-b0d762d800df', 621.41, 'stripe');
INSERT INTO Payment (payment_id, booking_id, amount, payment_method) VALUES ('31496d94-87fa-4610-bd26-59f3e055ce5e', '32dc79f9-f0ab-431e-8cc0-9c86396d2cfa', 4182.97, 'paypal');
INSERT INTO Payment (payment_id, booking_id, amount, payment_method) VALUES ('9e183028-81d8-47e6-8341-a2b713950425', '73190dd2-5746-477e-966a-e42000202cd5', 4788.16, 'credit_card');
INSERT INTO Payment (payment_id, booking_id, amount, payment_method) VALUES ('4f7f62d6-261c-465b-9ffd-1c72cc249cdd', 'e4c944ea-4688-471e-b8f4-c35afb56a79e', 2417.8, 'stripe');
INSERT INTO Payment (payment_id, booking_id, amount, payment_method) VALUES ('a9c0bf73-9a5c-4f9d-b2ac-a37177cc7af1', '263e00eb-83ea-4862-a23e-78e2c3b8ccf8', 1461.74, 'paypal');
INSERT INTO Payment (payment_id, booking_id, amount, payment_method) VALUES ('da7ac411-36f7-4a4d-9a9f-1490917b1584', '972b49dc-cdfe-4dd0-b7d5-791f2ad6fcdf', 876.67, 'paypal');
INSERT INTO Payment (payment_id, booking_id, amount, payment_method) VALUES ('1fd4cc79-f659-4b9a-971b-a987381d19d4', '21bd1500-b5af-42f3-999a-76adec25288d', 3315.28, 'stripe');

-- Reviews
INSERT INTO Review (review_id, property_id, user_id, rating, comment) VALUES ('92ccfb2f-42dd-4903-b557-f1db78a41d66', '8fb8da53-21ec-4903-a1b2-bc03ef4fd22e', 'ff86a7ef-d50b-45e0-aad2-e41daccf5121', 1, 'Improve large continue similar.');
INSERT INTO Review (review_id, property_id, user_id, rating, comment) VALUES ('fc9a3b81-b1cd-4b3c-9574-036031456aaf', 'a0890208-0d7e-4b97-8d64-8fa0e124247c', '75f874b7-d075-4191-a111-2eda7dbef3df', 1, 'Later cost around civil thank you especially.');
INSERT INTO Review (review_id, property_id, user_id, rating, comment) VALUES ('abaaf916-e7d1-4a03-9241-166dab9b9cbb', 'ffcd9475-ad33-4c76-b31a-2f765c9aa216', '5f66de6c-bf98-4535-989b-87d1dd561b30', 1, 'Section cup phone say money take.');
INSERT INTO Review (review_id, property_id, user_id, rating, comment) VALUES ('e41c30d3-1671-4400-bfee-c1d7400f8323', 'c378b759-c3ee-4f4c-a905-24793a44b04c', '23ca642f-baa7-4917-b12b-977dcab589c6', 1, 'Specific they ball partner eye character.');
INSERT INTO Review (review_id, property_id, user_id, rating, comment) VALUES ('8e075d0d-be32-4d5b-87a8-541b99e9f7d8', 'c836c7c0-6019-4feb-8d40-440bdb090a29', '8c624138-a41b-4c9d-bd76-a4a1a09759e3', 5, 'Century record win.');
INSERT INTO Review (review_id, property_id, user_id, rating, comment) VALUES ('4272aaa4-aa32-43f7-bd38-cc8f6498f446', '344de796-c15b-4de4-b75d-400166a799d2', '64ba6725-a949-49f4-97e6-c6b9d368ead6', 1, 'Weight consumer meet head able hour official.');
INSERT INTO Review (review_id, property_id, user_id, rating, comment) VALUES ('a80bae84-ab98-45f0-b658-6e38fbc22c19', 'd2df941a-2b39-46e5-b16c-ca982ae8a99e', '00e61863-0072-42b6-a1c1-989d24deaa63', 1, 'This party rule successful across to turn.');
INSERT INTO Review (review_id, property_id, user_id, rating, comment) VALUES ('5f3ac28a-3099-4686-bb93-26b46b860448', '9ea8722d-9839-4388-a0f1-0a770e4789ab', 'd9d186af-e0ae-4c7a-bfe7-1385e4df0ca0', 3, 'Middle serve them want particularly.');
INSERT INTO Review (review_id, property_id, user_id, rating, comment) VALUES ('b8d6365f-c484-4b8e-aa6a-5ad814d4c626', '106a1fe4-d812-4d3a-8f21-045074863215', '9179abad-b552-4a26-ab67-a364a8ed9b56', 3, 'Decision visit chance investment.');
INSERT INTO Review (review_id, property_id, user_id, rating, comment) VALUES ('6e6a6264-10e7-42a5-9953-b425fbc8e640', 'e4c83c1f-249b-4838-a475-6c16b713d9b1', '851a433d-b164-493e-a00d-83399aaf5a2b', 5, 'Bring within from.');
INSERT INTO Review (review_id, property_id, user_id, rating, comment) VALUES ('3d585245-5c10-4560-8143-fe46b78191ed', 'd5db49d4-7c1f-4144-83d4-f48b0af6f257', '8455eac7-8bdd-4673-90a8-4f4dfe4f5991', 3, 'Appear no speak see most like.');
INSERT INTO Review (review_id, property_id, user_id, rating, comment) VALUES ('39e34ed8-cc12-4a3d-88e9-39aabc7b9922', '780c68ef-76c0-4428-80c2-0e521f3c3f68', '56980766-7519-4af8-963b-88e36d87a7bd', 4, 'Fish decade wear since perhaps born institution.');
INSERT INTO Review (review_id, property_id, user_id, rating, comment) VALUES ('ca527e68-7c04-449a-86ad-44a9e8b6ddf2', '9935f49a-ca19-42e0-a074-379b89118129', 'f3c5b9a4-6c95-4998-98a4-f5008b923729', 4, 'Daughter simple couple Republican.');
INSERT INTO Review (review_id, property_id, user_id, rating, comment) VALUES ('a8312348-3713-4bed-a213-dca179e497e3', '8fb8da53-21ec-4903-a1b2-bc03ef4fd22e', '600de622-561a-44e2-896b-9c28184ba8a3', 1, 'Class item officer because picture truth painting.');
INSERT INTO Review (review_id, property_id, user_id, rating, comment) VALUES ('3bf8fe77-4ac9-4ea2-8ea2-c0a46af20223', 'e887734a-0e71-4d2f-9a22-324e9399bbf3', '0ea92ac2-40ad-4f50-9f26-081353f681a5', 1, 'Teacher customer such care conference at successful.');
INSERT INTO Review (review_id, property_id, user_id, rating, comment) VALUES ('ddd427f9-21ca-4245-8f0e-80834e42a154', '12b3b408-3e8b-4ea2-bb83-b73a26b07454', '08a0f2ce-9f92-49fb-af06-15498d5da17b', 4, 'True various of ten another short.');
INSERT INTO Review (review_id, property_id, user_id, rating, comment) VALUES ('c821e3a2-2f5f-4916-8202-c6061d04328c', 'af3c3320-3d3a-410d-a5c6-75f4a76dc445', '32c44141-d021-47b5-adda-f363fdfef29a', 2, 'Officer hair main food painting.');
INSERT INTO Review (review_id, property_id, user_id, rating, comment) VALUES ('65ffddb5-b428-4141-9b87-b9d6eb831506', 'ea78cc40-b4da-4750-99a6-fc6344d35c61', 'd8ffa249-225b-4e33-a24b-a671b3ee54bd', 5, 'Often get design involve however admit mouth sense.');
INSERT INTO Review (review_id, property_id, user_id, rating, comment) VALUES ('028f4083-0fd2-48f0-81b0-f0c15f11c81e', '904ddef2-a9de-46b6-827e-70bb956e2f48', 'bba7e62e-8404-4107-9a66-f35f1b9ca1da', 3, 'Vote child safe ball.');
INSERT INTO Review (review_id, property_id, user_id, rating, comment) VALUES ('714cf2c4-cd91-4a4f-982f-3fd22a158159', '0edc843a-4acd-4950-b169-22e2d96f63f6', '9d848583-0e57-427e-8ebe-0e81343b5171', 4, 'Listen look address partner third.');
INSERT INTO Review (review_id, property_id, user_id, rating, comment) VALUES ('bd340b55-fe64-4479-83f2-f42471f2d4c3', 'fc1e7e8f-dfa9-4d66-accb-7c9fb9317d29', '4cb60f87-9cb2-43a7-8cc6-513d4e4c8abe', 2, 'Chance local form name never drive son.');
INSERT INTO Review (review_id, property_id, user_id, rating, comment) VALUES ('a8243ddb-c9a2-4860-8521-96bee6addc45', 'd9b9bb5c-4e30-4994-9ed3-fbd6a763774d', '8c624138-a41b-4c9d-bd76-a4a1a09759e3', 1, 'Stage ability personal agree past western.');
INSERT INTO Review (review_id, property_id, user_id, rating, comment) VALUES ('d2908e86-f268-405a-abd6-fe0354faecf1', '0ac67336-062e-4af3-bbe8-5266fb3cb100', '77cf5087-91a2-4b6f-bcef-96b004b2a125', 5, 'Arrive realize give draw necessary player.');
INSERT INTO Review (review_id, property_id, user_id, rating, comment) VALUES ('15b5c147-0a42-4f46-b04f-9723ee653b38', 'd84a6132-2665-4026-8958-c52ddcfb2334', '4109d8c4-0e57-4781-a254-e519875991b3', 2, 'My boy head other five weight.');
INSERT INTO Review (review_id, property_id, user_id, rating, comment) VALUES ('1c5e2dff-bf18-42ea-93c7-27e206b283d5', '12b3b408-3e8b-4ea2-bb83-b73a26b07454', '92c2657c-4929-49ad-bc19-eef4998eda29', 2, 'Sit risk big never very bit record.');
INSERT INTO Review (review_id, property_id, user_id, rating, comment) VALUES ('e7c8b65b-aa71-433b-ae7b-459bb3a1fcfe', 'a150bbb1-eeeb-48e4-ade2-280acbddd17d', 'f0493b8f-799c-4a0a-8e55-067ce274db47', 1, 'Improve air go executive power central author several.');
INSERT INTO Review (review_id, property_id, user_id, rating, comment) VALUES ('bb0e188f-7f23-4072-9b94-b527b18f634c', '106a1fe4-d812-4d3a-8f21-045074863215', '9a45c66f-7fa8-4440-acbb-4af1d60233c1', 2, 'North commercial but cold water arm leg.');
INSERT INTO Review (review_id, property_id, user_id, rating, comment) VALUES ('0c50a517-961f-4e0c-b1d4-556d3b476ac9', 'cfcc7e89-da7a-4038-b5c3-964d9795a91c', '581f6af4-2f44-47a3-801b-e0149ccf7f4c', 2, 'So similar number executive quality subject of traditional.');
INSERT INTO Review (review_id, property_id, user_id, rating, comment) VALUES ('87bbdf5c-3ab9-4e49-b4f3-2c6b3bc40f99', '4460f550-11b0-4499-9af5-9c7642ccfb83', '64d2d537-0458-4adf-a38a-84e4072fe262', 1, 'Treatment key perhaps particular home.');
INSERT INTO Review (review_id, property_id, user_id, rating, comment) VALUES ('995ee10a-64c8-490b-87e3-113c18e63a04', '6c287885-eb13-4446-98b1-7d96d9f61f0e', '1ddae8e8-17f2-43b9-bb0f-ab98ca8c9f3d', 5, 'One score win this trade.');
INSERT INTO Review (review_id, property_id, user_id, rating, comment) VALUES ('1ce7bfa4-d54d-48c3-9507-fed3a66325fe', 'a0890208-0d7e-4b97-8d64-8fa0e124247c', 'd67c4ef8-544a-4aa6-a6ae-13f8a7a5a0cc', 4, 'Energy head reveal history example mention girl go.');
INSERT INTO Review (review_id, property_id, user_id, rating, comment) VALUES ('de118b5a-0bee-449f-b0d7-9dbf598c1e63', '92ba5157-0954-4f9c-a9b7-54b915931e13', '7a061410-7f22-4d23-8f1f-a32a43a40c40', 3, 'Nice central million.');
INSERT INTO Review (review_id, property_id, user_id, rating, comment) VALUES ('81109bf4-d95e-41c6-8510-d65863401ca6', 'f3ea78cf-d8d8-4870-b8b9-38cfc06313c6', 'b43ebf21-c289-40df-a9d9-7ba4a3faa9a7', 5, 'Those front message capital fly development.');
INSERT INTO Review (review_id, property_id, user_id, rating, comment) VALUES ('5d0b2b7b-852d-4e82-9bfc-212070043741', '0ac67336-062e-4af3-bbe8-5266fb3cb100', 'e596a721-0171-4788-aa08-c254651bfd02', 4, 'Win near grow ahead.');
INSERT INTO Review (review_id, property_id, user_id, rating, comment) VALUES ('e02779e5-8bf9-4279-80a7-a695951adb84', '97e88cc1-0fae-404f-875a-d678a820c20f', '92d4042d-0686-45b4-8ad8-58cab1915bd7', 3, 'Head hotel sing ball trouble view total.');
INSERT INTO Review (review_id, property_id, user_id, rating, comment) VALUES ('468bf6b6-f2e8-40cf-87dc-18b8b3dc0612', 'bb692336-02d3-4eb6-811c-0dc23eb384fd', '57c5c9df-3517-427f-992d-e42fdb346252', 3, 'Serve game cause several animal already learn season.');
INSERT INTO Review (review_id, property_id, user_id, rating, comment) VALUES ('78377a7d-83c8-4568-8a7d-2d5b049b8db0', '393f705f-6401-48ab-b050-a8509a834bd5', '512a8a41-360a-4802-92fa-a6e48b1e5a53', 4, 'Involve fish church although already bring single.');
INSERT INTO Review (review_id, property_id, user_id, rating, comment) VALUES ('c71a23e7-12ef-4770-9988-3e08a63eeac4', 'd2493010-a3a0-4dc0-aab2-63b630a5f8ef', '1a9a696e-d1a3-467c-985b-a0ede83d271c', 5, 'Image Mrs executive specific according language during spring.');
INSERT INTO Review (review_id, property_id, user_id, rating, comment) VALUES ('3132521b-514c-4058-b32e-14613f0a431b', '027410b4-b3e1-490b-b179-67c2db3d8fa2', '5e638b3e-8fe5-4a40-9f88-31784ff6ef6f', 3, 'Almost glass nor wife hour.');
INSERT INTO Review (review_id, property_id, user_id, rating, comment) VALUES ('91933544-d69e-45c7-b470-204aa28666b3', '9c1b4b2f-3346-4630-8662-8ec537c5ec5c', 'fe71be63-e1ec-4efd-bcfa-92d6b90e4e00', 3, 'President yes system region.');
INSERT INTO Review (review_id, property_id, user_id, rating, comment) VALUES ('1a67e351-0289-480a-a2e6-e6b37633e9fe', '6bba5f34-e6bc-4dfb-a9e4-077f74a2295c', '4109d8c4-0e57-4781-a254-e519875991b3', 4, 'Current here after.');
INSERT INTO Review (review_id, property_id, user_id, rating, comment) VALUES ('e51f7dec-265f-431e-acf2-72025d1974fe', 'ccbe445c-5288-4a59-a8c8-99b1d3966299', '1ddae8e8-17f2-43b9-bb0f-ab98ca8c9f3d', 1, 'Point lay service worker.');
INSERT INTO Review (review_id, property_id, user_id, rating, comment) VALUES ('429af548-f1f0-4098-af9e-afa7feb0f392', 'd84a6132-2665-4026-8958-c52ddcfb2334', '46cb8b94-da37-4098-8576-7081f5f22af6', 2, 'Commercial present maintain see firm seven.');
INSERT INTO Review (review_id, property_id, user_id, rating, comment) VALUES ('8a3ae50d-89e0-49a9-abea-93803e5a75ea', 'db52db9f-bf30-4696-be82-82d2f6e0b576', '59f89e08-5a42-4c04-8efa-140e15099dd0', 2, 'Half opportunity second south report nothing.');
INSERT INTO Review (review_id, property_id, user_id, rating, comment) VALUES ('463be1d8-a895-4862-8215-908fd1e243e1', 'd098f274-efd6-4d6f-be42-77516a968e45', '434b03e3-cc66-47f1-96b1-7f30ecfd8377', 3, 'Range tonight hit season fire various.');
INSERT INTO Review (review_id, property_id, user_id, rating, comment) VALUES ('3162ba87-e7e5-4bb1-8afa-6e93b27ff47c', '904ddef2-a9de-46b6-827e-70bb956e2f48', '54255124-fe05-4bde-9906-600391b73c50', 5, 'Attorney record analysis rise light body.');
INSERT INTO Review (review_id, property_id, user_id, rating, comment) VALUES ('2d918f8d-9257-4846-a212-92c7eee26321', '6305a5ae-f1f2-4ca5-bbc4-aae8f9d3018c', '0d33474d-cc99-4c81-904d-33c4b003beda', 2, 'Question way white life prove doctor receive.');
INSERT INTO Review (review_id, property_id, user_id, rating, comment) VALUES ('2a555617-ddfa-48fa-a25f-1a00b68e4b2c', '027410b4-b3e1-490b-b179-67c2db3d8fa2', '9551d3cc-d3ce-4622-85b8-64d383c5469d', 5, 'Side list bag do and.');
INSERT INTO Review (review_id, property_id, user_id, rating, comment) VALUES ('42cb16f1-3d1d-45b0-a941-6578f66287f4', '88757d98-c525-4f45-957a-a9f13a807c54', '32c44141-d021-47b5-adda-f363fdfef29a', 3, 'Fact be simply thousand.');
INSERT INTO Review (review_id, property_id, user_id, rating, comment) VALUES ('69deeb6b-2105-46a2-a594-33f375dfd361', '685318fb-5d64-44cf-8f20-5fb25df6e898', '40f2621c-975d-4ce1-b453-4a1709729464', 4, 'Senior feel worry modern.');
INSERT INTO Review (review_id, property_id, user_id, rating, comment) VALUES ('fca683b0-d77d-4e5d-8d27-bf3fa35f9815', 'f2759549-e458-4c3a-9ff7-ee283b224eff', '600de622-561a-44e2-896b-9c28184ba8a3', 4, 'Explain check contain president night.');
INSERT INTO Review (review_id, property_id, user_id, rating, comment) VALUES ('c217dbb4-b762-4533-b51e-bf9a8c6648f5', 'dea50cf2-b935-46a8-93cc-3503bb549fc1', '3ba123df-6396-47f2-a3cb-0d22d459032c', 3, 'Decision first instead me send.');
INSERT INTO Review (review_id, property_id, user_id, rating, comment) VALUES ('1d10e06d-3fb5-48ea-9738-ea1ea813dcd9', '72c053d6-4c82-4423-8114-5c8d1e98bad0', 'e039c8e3-9f3d-45a6-b7cc-33d584ce3f37', 3, 'Next big structure parent change.');
INSERT INTO Review (review_id, property_id, user_id, rating, comment) VALUES ('31ba4b8d-8a78-424a-9d27-a64967f1e33c', 'ea78cc40-b4da-4750-99a6-fc6344d35c61', '0ea92ac2-40ad-4f50-9f26-081353f681a5', 3, 'Cost attention often science six how store common.');
INSERT INTO Review (review_id, property_id, user_id, rating, comment) VALUES ('252cc19d-1895-4ac8-b3bc-8f7f3ef38353', '69b12c1f-e25a-4efa-a234-a8df92002fe2', '852831af-9aec-4d16-a707-94a549ec6139', 1, 'Executive generation full vote.');
INSERT INTO Review (review_id, property_id, user_id, rating, comment) VALUES ('35b0024a-eef6-4bf1-9af8-cdae2b5cef58', '5363871f-8d44-4134-aa7d-c5855a794a10', 'e596a721-0171-4788-aa08-c254651bfd02', 2, 'Onto simply four newspaper remember culture police.');
INSERT INTO Review (review_id, property_id, user_id, rating, comment) VALUES ('8da8a010-6abe-472f-87b0-32468605dcff', '685318fb-5d64-44cf-8f20-5fb25df6e898', '23ca642f-baa7-4917-b12b-977dcab589c6', 2, 'Cup any raise them store side important.');
INSERT INTO Review (review_id, property_id, user_id, rating, comment) VALUES ('bd5ed0a0-a670-46a0-a70b-7fef4efe39de', '46d8d4b4-c6da-442e-8f2d-6a57d76ef65d', 'd8f2ed9b-f09b-415b-8cdb-2e0e0a933e67', 5, 'Provide create rule check recognize herself ok.');
INSERT INTO Review (review_id, property_id, user_id, rating, comment) VALUES ('49f1f15c-0013-4576-965e-24ebaea9ef8e', 'e4c83c1f-249b-4838-a475-6c16b713d9b1', 'e039c8e3-9f3d-45a6-b7cc-33d584ce3f37', 3, 'Job modern point.');
INSERT INTO Review (review_id, property_id, user_id, rating, comment) VALUES ('261080fe-e3d8-4b54-a635-ba25791d0bf4', 'e3fd737a-8ccb-4bf9-9501-2a70c1711491', '4d2657fe-c696-4c66-8a43-5c1945bfdab0', 1, 'Over study bank fine.');
INSERT INTO Review (review_id, property_id, user_id, rating, comment) VALUES ('b1892365-428f-4144-a79c-47f394d29f02', 'e887734a-0e71-4d2f-9a22-324e9399bbf3', 'b5be5ffd-5e58-419f-84be-a90335274fde', 4, 'Policy seek gas group wonder every think down.');
INSERT INTO Review (review_id, property_id, user_id, rating, comment) VALUES ('9b877880-8a3d-4652-b9c0-85bbef1699c3', 'c5617675-53ee-4a3c-acea-6d0abeae34c0', 'da6b8876-bc9c-41ed-879d-90b80d845b3a', 1, 'Government movie man would door.');
INSERT INTO Review (review_id, property_id, user_id, rating, comment) VALUES ('e3886107-b5c3-4bee-94ef-cfafb5f3439d', '6c287885-eb13-4446-98b1-7d96d9f61f0e', '1c5d95b9-3dfb-4209-a82f-1151fb3c5971', 2, 'Similar realize simple actually play other discussion.');
INSERT INTO Review (review_id, property_id, user_id, rating, comment) VALUES ('e5d3cafd-f593-4c9e-b2d3-347b650f76fd', 'b6af7097-d214-4d81-957b-bef349d4743c', 'e596a721-0171-4788-aa08-c254651bfd02', 2, 'Fly carry official whose without.');
INSERT INTO Review (review_id, property_id, user_id, rating, comment) VALUES ('65148bf4-bd1b-4e6a-84cb-973de360dca3', '462aaa3b-b006-4f09-9ff9-a13117fc54c7', 'e039c8e3-9f3d-45a6-b7cc-33d584ce3f37', 4, 'Both bad listen cold commercial outside.');
INSERT INTO Review (review_id, property_id, user_id, rating, comment) VALUES ('e82f6c89-6010-4c37-9c42-a5e24cddaa3c', 'bd5b2a07-1553-4c8c-bc60-510589ae4c6a', 'd67c4ef8-544a-4aa6-a6ae-13f8a7a5a0cc', 4, 'Wall one front agreement.');
INSERT INTO Review (review_id, property_id, user_id, rating, comment) VALUES ('eb94b622-85e7-42e2-bb0a-de111308ce22', '1a138341-8659-4b05-8267-92b6f6b1f58d', '77cf5087-91a2-4b6f-bcef-96b004b2a125', 2, 'Own maybe moment huge soon home do Mr.');
INSERT INTO Review (review_id, property_id, user_id, rating, comment) VALUES ('9061bd47-f37d-47a9-8ed3-5be1ae999984', 'e3fd737a-8ccb-4bf9-9501-2a70c1711491', '54255124-fe05-4bde-9906-600391b73c50', 1, 'Pretty structure project else simply assume.');
INSERT INTO Review (review_id, property_id, user_id, rating, comment) VALUES ('b5776bb9-fa88-4503-9ca2-c844244cfc4d', '4eb76780-f981-4907-bed0-69c9bdd34ae8', 'fe71be63-e1ec-4efd-bcfa-92d6b90e4e00', 3, 'Long entire situation probably week only look brother.');
INSERT INTO Review (review_id, property_id, user_id, rating, comment) VALUES ('5322703d-f1e1-456e-890c-96173cb95e43', '428ce65f-a12c-4937-ac58-c3da2ad0c725', 'a855119a-2181-40c5-b4c8-ff43705c7c76', 4, 'Environmental quality statement Republican from.');
INSERT INTO Review (review_id, property_id, user_id, rating, comment) VALUES ('2cf4d331-b76d-4fc2-8250-6dbfcdf0015c', '43d1f86c-64f2-44ad-9865-fc6414e85348', '23ca642f-baa7-4917-b12b-977dcab589c6', 3, 'Environmental he into.');
INSERT INTO Review (review_id, property_id, user_id, rating, comment) VALUES ('d36bd207-bdf2-4a40-87d9-a52008ae507a', '393f705f-6401-48ab-b050-a8509a834bd5', 'cebf56ae-f362-442f-8c43-1ac0dacfa071', 1, 'Media idea wife blue.');
INSERT INTO Review (review_id, property_id, user_id, rating, comment) VALUES ('b94adc6a-4001-476c-9d3e-5aa3dc929cbf', '716f1648-10d3-4278-8180-a5dfdbde7ef4', 'd22befd8-260a-4b5c-b095-3bb932d051c0', 5, 'Factor fast leg remain fly until key.');
INSERT INTO Review (review_id, property_id, user_id, rating, comment) VALUES ('7bbc0980-33e5-40f2-a3bb-32e39fdc5896', '9ea8722d-9839-4388-a0f1-0a770e4789ab', 'fbd7610c-d2cd-4921-9c8d-a1452e5e5ec1', 1, 'Material order pretty.');
INSERT INTO Review (review_id, property_id, user_id, rating, comment) VALUES ('d346c07f-48eb-4145-aaf7-4cef93ad757f', '904ddef2-a9de-46b6-827e-70bb956e2f48', '501544e6-8d51-4ffd-a7b3-ae22e84197ae', 4, 'Yard eat may wonder lose material.');
INSERT INTO Review (review_id, property_id, user_id, rating, comment) VALUES ('f95687f7-0287-430d-965f-ee143a5fbbd3', '7c6d77ab-517e-4c38-8fd1-c380a2803930', '57c5c9df-3517-427f-992d-e42fdb346252', 4, 'Strong pay be read tend media whether.');
INSERT INTO Review (review_id, property_id, user_id, rating, comment) VALUES ('ddfdfd96-0a84-4c3b-8369-1d8bd16d4385', '2897df41-2955-4d71-b727-a656649b377a', 'a654def0-7531-4446-85b3-0665a98b2ae9', 2, 'How poor first politics sense.');
INSERT INTO Review (review_id, property_id, user_id, rating, comment) VALUES ('b7ec7746-fe33-417c-91df-04a532b17081', '8341d07f-bb69-4b8d-8a6f-d5617fee5bc3', '26c323af-7d51-48e7-b0be-a0731bb1d0dd', 1, 'Cell company you read forget.');
INSERT INTO Review (review_id, property_id, user_id, rating, comment) VALUES ('1be03898-25a5-4e4f-9ba7-8e485dcfd64b', '869c5b2c-8fb6-4ab0-b30a-ce67b5322bce', '3acce0bc-98a4-4db4-b60d-c6f460a38e8d', 4, 'For cost until parent international world state.');
INSERT INTO Review (review_id, property_id, user_id, rating, comment) VALUES ('3cc10b52-02fd-4cb4-acb3-f610fe8d445a', '5841a0b7-2d96-4c33-bb7a-145ae6c137ff', 'b5be5ffd-5e58-419f-84be-a90335274fde', 4, 'Often reality speech great fund loss glass.');
INSERT INTO Review (review_id, property_id, user_id, rating, comment) VALUES ('21a8b713-47f3-42d3-8887-fff90461a8e2', '46d8d4b4-c6da-442e-8f2d-6a57d76ef65d', '79e75b16-91d7-41aa-9e66-cb315fd609ea', 3, 'Indeed best international.');
INSERT INTO Review (review_id, property_id, user_id, rating, comment) VALUES ('8c574a00-48da-4be6-a557-57d514da27bf', 'dc44fc41-5be0-42dc-b17b-45eca3f86a38', 'bba7e62e-8404-4107-9a66-f35f1b9ca1da', 2, 'Report matter suggest research technology level baby.');
INSERT INTO Review (review_id, property_id, user_id, rating, comment) VALUES ('4ad4ecd5-59da-42d2-95b8-bc05d0adf972', '9ea8722d-9839-4388-a0f1-0a770e4789ab', 'f3c5b9a4-6c95-4998-98a4-f5008b923729', 2, 'Also catch cultural population garden represent understand follow.');
INSERT INTO Review (review_id, property_id, user_id, rating, comment) VALUES ('bdccc3fc-38e2-4d20-8766-2ae10150cd00', 'fc1e7e8f-dfa9-4d66-accb-7c9fb9317d29', '7a03f658-e6f2-4d38-8baa-9d519e5caf8f', 1, 'Individual treatment what through company the arrive.');
INSERT INTO Review (review_id, property_id, user_id, rating, comment) VALUES ('78747fbe-cc3d-4cba-8cbf-daaee2db008c', 'bcc22755-9b61-47c6-856d-c66b91d653ad', '4454fcdd-ba4a-447d-8e9f-fbf15a926163', 3, 'Mouth finally inside especially.');
INSERT INTO Review (review_id, property_id, user_id, rating, comment) VALUES ('2f68710a-43fd-4a09-b54d-25107669eead', '9ea8722d-9839-4388-a0f1-0a770e4789ab', '1fe0c4c2-abff-47d5-aaa3-3e82cf6bbc24', 4, 'Assume away size country particularly these.');
INSERT INTO Review (review_id, property_id, user_id, rating, comment) VALUES ('d79d039a-bede-4f70-9905-9fdf1d356c03', '622aaaf5-222e-44a9-9501-b321989a7c8f', '1646da7a-579d-4bca-b8a1-5a11bbea3914', 2, 'Detail citizen area leg daughter.');
INSERT INTO Review (review_id, property_id, user_id, rating, comment) VALUES ('f214d3b4-1848-4087-a6d0-35f93e24ecfc', 'e887734a-0e71-4d2f-9a22-324e9399bbf3', '8486dd68-5d2b-4816-b534-a76e9388d546', 4, 'Deep skin population college and decide.');
INSERT INTO Review (review_id, property_id, user_id, rating, comment) VALUES ('c96fd3a3-57ed-4df3-a186-8fff5b4fcb48', '9ea8722d-9839-4388-a0f1-0a770e4789ab', '070d8c34-2a69-447b-b891-1328acf40e5d', 4, 'Address have third writer result trip.');
INSERT INTO Review (review_id, property_id, user_id, rating, comment) VALUES ('d330d10b-318e-4469-b762-2699a09f2c5d', '622aaaf5-222e-44a9-9501-b321989a7c8f', 'b4ae33a9-92ae-4bbb-98ea-56b47c7f8afc', 3, 'Month catch nice leader.');
INSERT INTO Review (review_id, property_id, user_id, rating, comment) VALUES ('f89691ab-5afa-444b-a2dd-170ed1c612d7', 'fc6415ef-e068-4d94-b342-022d3cb362a1', 'f3c5b9a4-6c95-4998-98a4-f5008b923729', 4, 'During price herself option marriage.');
INSERT INTO Review (review_id, property_id, user_id, rating, comment) VALUES ('e28b897f-ee53-411a-a143-64d950e284e8', 'bb0839ad-43ef-4980-a5d0-a7fd1af907f9', '40f2621c-975d-4ce1-b453-4a1709729464', 1, 'Industry citizen what member protect.');
INSERT INTO Review (review_id, property_id, user_id, rating, comment) VALUES ('41e826f5-7751-4dd4-87b4-d4cd8e515544', 'a150bbb1-eeeb-48e4-ade2-280acbddd17d', '9a45c66f-7fa8-4440-acbb-4af1d60233c1', 5, 'Light number figure across.');
INSERT INTO Review (review_id, property_id, user_id, rating, comment) VALUES ('0a02f644-e9a5-42c9-baad-347f37ab2880', '857aff2a-ed0b-4662-afa7-39dc8778de3e', '907dfb4d-756d-4838-ad88-7b7c42e9053d', 1, 'Force quite short real apply tend responsibility.');
INSERT INTO Review (review_id, property_id, user_id, rating, comment) VALUES ('8866135d-bfe1-4bf0-b36d-1ca66dff964e', '088fa708-cc20-4148-8ed0-39d6a4756875', '7448dfad-6c98-4fd7-9768-034663cd8988', 1, 'Popular bed box camera degree.');
INSERT INTO Review (review_id, property_id, user_id, rating, comment) VALUES ('fb927446-4c59-4540-bf73-e3865ac6b4fd', 'c28b279d-5763-4aa0-9461-999f9a44d5ae', '4454fcdd-ba4a-447d-8e9f-fbf15a926163', 4, 'Result view morning per with.');
INSERT INTO Review (review_id, property_id, user_id, rating, comment) VALUES ('6da1ef3d-379c-4b57-86dd-5c9fe0e245d4', 'bd5b2a07-1553-4c8c-bc60-510589ae4c6a', '11888cc0-5bca-43d2-8676-11ee769839f6', 2, 'Whose one since according.');
INSERT INTO Review (review_id, property_id, user_id, rating, comment) VALUES ('4cab353a-d0e0-4ae0-af55-b26133dc649d', '97e88cc1-0fae-404f-875a-d678a820c20f', '2fa5c0a5-06ee-4b0c-8966-30f52e4848e7', 5, 'Can traditional election example.');
INSERT INTO Review (review_id, property_id, user_id, rating, comment) VALUES ('1a843959-7aed-449a-a56e-00361a7d3cce', 'd85dbd8e-e5cd-4b05-9a44-35b8e2ba3aab', '9bd2de84-6cf7-4936-9c09-f24ff00db108', 2, 'Mean grow simply rate.');
INSERT INTO Review (review_id, property_id, user_id, rating, comment) VALUES ('14d0f539-e517-403c-8493-e676cee99f00', '529bfc96-7f28-4f41-84b4-821e7adb3330', '524b80d9-120a-4ac0-9eef-7a408943a181', 2, 'Company cut image third before.');
INSERT INTO Review (review_id, property_id, user_id, rating, comment) VALUES ('39335e2c-c81f-4290-818f-d7805196ba99', '3f81d29d-4585-4d58-98e9-3e6cf2f4079b', 'd5b49030-8bde-48ed-92e4-526525be8ae3', 5, 'Serious state enough.');
INSERT INTO Review (review_id, property_id, user_id, rating, comment) VALUES ('94149c8d-aa85-4cac-8b62-efcac2fe0119', '6556e8d9-dd6a-495d-acc5-c8ec7b3cf51f', '852831af-9aec-4d16-a707-94a549ec6139', 4, 'Field remember quickly lay card answer myself.');
INSERT INTO Review (review_id, property_id, user_id, rating, comment) VALUES ('b8e376cb-d79b-43f9-b908-eed374dc2f87', '86a746b8-d808-4875-9c6a-5b910490a3d4', '6fddd631-9907-4e98-b386-ee289e608b6e', 5, 'Either law forget physical stock news force.');
INSERT INTO Review (review_id, property_id, user_id, rating, comment) VALUES ('683f79d9-1f01-41ed-96f1-266ad40cd35e', 'b6af7097-d214-4d81-957b-bef349d4743c', '1fe0c4c2-abff-47d5-aaa3-3e82cf6bbc24', 5, 'Watch contain party interesting.');
INSERT INTO Review (review_id, property_id, user_id, rating, comment) VALUES ('9a4f86f8-8b9a-492b-8d67-3dd169369d31', 'adf0aa1e-0692-4ebb-ad79-dfef898787de', 'd7d45eda-bdc6-43d5-866f-e9f0a47cd81c', 5, 'Wonder industry country remember less difference.');
INSERT INTO Review (review_id, property_id, user_id, rating, comment) VALUES ('86a948bd-fdd6-4f6b-a0f9-8c476508a27c', 'a4a69334-9b0e-49b4-9326-b4dd62362daa', '92e033f8-3240-4276-9247-61d1c4088c9c', 5, 'Want whatever probably serve positive Mr member.');
INSERT INTO Review (review_id, property_id, user_id, rating, comment) VALUES ('10fecf9e-c703-4e27-9cd2-d1f61c3423d6', '7b369677-41ad-4d08-a35b-5c9a237e8c93', '418c97e1-5b38-4905-a3ee-9fbfc292727c', 4, 'Drive plan other follow.');
INSERT INTO Review (review_id, property_id, user_id, rating, comment) VALUES ('91ccd90f-d719-4f53-885c-b753c4c94ca5', 'bcc22755-9b61-47c6-856d-c66b91d653ad', 'df16543c-fe8a-4568-bdf1-6accd91b3abf', 4, 'Range page just owner light.');
INSERT INTO Review (review_id, property_id, user_id, rating, comment) VALUES ('4155ca59-b6ae-4444-9fbf-092a95ca9893', '8fb8da53-21ec-4903-a1b2-bc03ef4fd22e', 'e613fa5c-50cc-472e-abde-8c96e7be3a4f', 1, 'From ever source poor pressure fly popular dream.');
INSERT INTO Review (review_id, property_id, user_id, rating, comment) VALUES ('af6eff63-aabb-449c-baea-9ae289faae46', '41e049a0-98ac-4142-846d-dc9cb2928606', 'aa8fc159-a7bf-4d48-a730-4981c7b2e4d6', 2, 'Whom start tax us mention degree game.');
INSERT INTO Review (review_id, property_id, user_id, rating, comment) VALUES ('11c865a9-6541-4f7a-9213-a3257dfa124f', '72c053d6-4c82-4423-8114-5c8d1e98bad0', '92d4042d-0686-45b4-8ad8-58cab1915bd7', 3, 'Local suddenly put.');
INSERT INTO Review (review_id, property_id, user_id, rating, comment) VALUES ('79c4d87c-b62c-4222-ad79-b701b20bc041', '8fb8da53-21ec-4903-a1b2-bc03ef4fd22e', 'ea2b2c37-762e-4e53-943c-1b2ee38ff4be', 1, 'Little business drug produce sell large live assume.');
INSERT INTO Review (review_id, property_id, user_id, rating, comment) VALUES ('8c142b14-101b-4609-a4d9-578ec91c9dfa', 'b6af7097-d214-4d81-957b-bef349d4743c', 'cebf56ae-f362-442f-8c43-1ac0dacfa071', 2, 'Travel couple idea question full two.');
INSERT INTO Review (review_id, property_id, user_id, rating, comment) VALUES ('d436c046-1fd8-451a-a7c1-84f6bdd7e720', '106a1fe4-d812-4d3a-8f21-045074863215', '90fe5b72-8145-4825-849c-22740d0c2ba2', 2, 'Continue glass I natural.');
INSERT INTO Review (review_id, property_id, user_id, rating, comment) VALUES ('e1c887ac-b720-4d7b-a967-d8138d926363', '23676f33-9793-484f-a9e4-92770c450861', 'a96e1ba1-0cbb-4296-a30b-f53e7ed600c8', 1, 'Similar speak action according movement president.');
INSERT INTO Review (review_id, property_id, user_id, rating, comment) VALUES ('3f13b406-ca36-4194-ba06-080f6eae3c31', 'd2df941a-2b39-46e5-b16c-ca982ae8a99e', '8455eac7-8bdd-4673-90a8-4f4dfe4f5991', 1, 'Take option above PM ready hold phone.');
INSERT INTO Review (review_id, property_id, user_id, rating, comment) VALUES ('494be501-cb7c-44ed-819d-4a91cfcc21e8', 'd93470de-1b03-4c8f-83ec-b277347f3178', '9190b182-ca9a-4c1f-ba26-3d1534ebbce7', 1, 'Pm everybody letter knowledge step even.');
INSERT INTO Review (review_id, property_id, user_id, rating, comment) VALUES ('cdd921fd-839f-49ab-a9d0-30bd7cace11e', '5c80af03-a75c-4a6b-a52a-400e7d37d3e6', '0773e5d3-b12e-42aa-9f3d-4d65d879cebb', 5, 'Or all though crime best.');
INSERT INTO Review (review_id, property_id, user_id, rating, comment) VALUES ('2476748a-a6ff-4a8a-8964-3348fef2b7b5', '38459f49-c551-4970-97ca-cf79125cef30', 'bcfd360a-5629-4229-9d78-8b96a0364150', 4, 'Administration them his product figure ever.');
INSERT INTO Review (review_id, property_id, user_id, rating, comment) VALUES ('052aec1a-6020-4a31-8272-c5d72c69dd4a', '840fdf6c-d771-4723-a94f-a25da904747b', 'adb4c34b-d866-4ea8-847a-8c222f951ad2', 3, 'Sound generation throw cause quality moment day.');
INSERT INTO Review (review_id, property_id, user_id, rating, comment) VALUES ('9cb290c3-8d0e-4fab-bd6c-98fb6fe47e92', '23676f33-9793-484f-a9e4-92770c450861', 'd5b49030-8bde-48ed-92e4-526525be8ae3', 4, 'Something doctor young store outside.');
INSERT INTO Review (review_id, property_id, user_id, rating, comment) VALUES ('b0b1f5d7-63bc-4f86-a96b-3ba86e6a9879', 'fc1e7e8f-dfa9-4d66-accb-7c9fb9317d29', '45cd000f-9a32-4ca1-9cfb-4e3ba97deaab', 4, 'Natural six something democratic.');
INSERT INTO Review (review_id, property_id, user_id, rating, comment) VALUES ('66ad73c7-4772-43b2-8acd-30169344b272', 'af3c3320-3d3a-410d-a5c6-75f4a76dc445', 'ee0c60b7-be09-46e5-ae00-eb761a044cfc', 4, 'Southern late city much arrive player add rich.');
INSERT INTO Review (review_id, property_id, user_id, rating, comment) VALUES ('e53fb49d-197c-42b9-885f-23d86463ef92', '9ea8722d-9839-4388-a0f1-0a770e4789ab', 'd07aa4c9-bc56-42b0-a310-24c2c018195d', 2, 'Society gas establish leader simply glass marriage.');
INSERT INTO Review (review_id, property_id, user_id, rating, comment) VALUES ('382f91e4-3a78-41ee-a23a-63a6fd21d111', 'bcc22755-9b61-47c6-856d-c66b91d653ad', '4454fcdd-ba4a-447d-8e9f-fbf15a926163', 3, 'Improve itself above though recent around behind.');
INSERT INTO Review (review_id, property_id, user_id, rating, comment) VALUES ('7dd47cd7-91ed-45cd-a0db-6769a4fe3bef', '8fcf20fc-3ff9-4cc5-98cb-fed6b31f8413', 'bbc3f187-2eb9-408f-b044-d675ffc61637', 2, 'Prove lose business lay green without sit.');
INSERT INTO Review (review_id, property_id, user_id, rating, comment) VALUES ('24b47c26-a192-48fa-8bed-662af54c39c9', '8cbd26be-355f-457d-9fd3-fb2addc89160', 'd8f2ed9b-f09b-415b-8cdb-2e0e0a933e67', 4, 'East suffer product act nice over mean center.');
INSERT INTO Review (review_id, property_id, user_id, rating, comment) VALUES ('c1fc2700-8384-40fa-bb2c-aeb2219b96da', '92ba5157-0954-4f9c-a9b7-54b915931e13', '9bd2de84-6cf7-4936-9c09-f24ff00db108', 5, 'Character else here dog but.');
INSERT INTO Review (review_id, property_id, user_id, rating, comment) VALUES ('4494ae8d-6bbf-4f97-a8ae-ac6c71d9d420', 'b850d6a2-3edd-42b6-bf20-d0ddaeb6a171', '92d4042d-0686-45b4-8ad8-58cab1915bd7', 2, 'Stock sport four.');
INSERT INTO Review (review_id, property_id, user_id, rating, comment) VALUES ('58d21fc5-a6c1-4dae-b603-fb89f6b972df', '716f1648-10d3-4278-8180-a5dfdbde7ef4', '32c44141-d021-47b5-adda-f363fdfef29a', 3, 'Seat drop star so born.');
INSERT INTO Review (review_id, property_id, user_id, rating, comment) VALUES ('600a4fde-527e-4b9f-8700-4985d3ded06f', 'e6901428-ad3f-4f3f-a804-e5eb4abb93fa', '92d4042d-0686-45b4-8ad8-58cab1915bd7', 4, 'Put such find air break team develop business.');
INSERT INTO Review (review_id, property_id, user_id, rating, comment) VALUES ('e516c15f-3f88-41fd-b54d-4efa8fb8aaf3', 'e6901428-ad3f-4f3f-a804-e5eb4abb93fa', '6d28d73d-ba75-45c4-948c-fb68bd21edbf', 4, 'Teacher painting house early every attention discuss a.');
INSERT INTO Review (review_id, property_id, user_id, rating, comment) VALUES ('fdb57252-eea5-4cc6-bd79-2bea591ce49c', '3f81d29d-4585-4d58-98e9-3e6cf2f4079b', '67bb3849-e55d-4f61-820b-b8b10902c5a9', 1, 'What enough imagine economic provide.');
INSERT INTO Review (review_id, property_id, user_id, rating, comment) VALUES ('c0f6d01b-aac2-44a8-8123-27fb31e16ebd', 'ccbe445c-5288-4a59-a8c8-99b1d3966299', 'b5be5ffd-5e58-419f-84be-a90335274fde', 2, 'Since main truth from knowledge again alone.');
INSERT INTO Review (review_id, property_id, user_id, rating, comment) VALUES ('01541a5c-0b9b-4971-835c-bc54c15291fc', '6c287885-eb13-4446-98b1-7d96d9f61f0e', 'ec801880-84e9-43ba-9606-8982045ac5e9', 3, 'Country number center manage night floor parent.');
INSERT INTO Review (review_id, property_id, user_id, rating, comment) VALUES ('5ef8c393-ae6e-4a2b-9b52-88b794332b36', '6f212946-4c67-432f-82d6-056d981d9293', '6fddd631-9907-4e98-b386-ee289e608b6e', 1, 'Dog your financial impact happy significant.');
INSERT INTO Review (review_id, property_id, user_id, rating, comment) VALUES ('63fd551e-9f29-4bfa-9827-e41befbc7635', 'fc1e7e8f-dfa9-4d66-accb-7c9fb9317d29', '33b440a5-796d-42e0-a4d0-435ea5308201', 1, 'With minute must ahead.');
INSERT INTO Review (review_id, property_id, user_id, rating, comment) VALUES ('e103e79b-b298-4367-9c56-5c1480b7e642', '19e60f19-a32b-4f9c-a515-48647044adcf', '92c2657c-4929-49ad-bc19-eef4998eda29', 1, 'Commercial among work suggest trade decade without house.');
INSERT INTO Review (review_id, property_id, user_id, rating, comment) VALUES ('568eed86-4c94-4d0d-8e9c-059a1127ce26', 'bf214817-c2d0-4b62-a6cf-72d433af1a9f', 'f9f5c1a8-0e2e-4d06-8c6e-7a0afd84193d', 5, 'After be six career our deep share.');
INSERT INTO Review (review_id, property_id, user_id, rating, comment) VALUES ('7683b8ac-9505-409d-badc-32e93b6edbbe', 'e887734a-0e71-4d2f-9a22-324e9399bbf3', '9a058fc6-1011-4fd2-8f2c-574a9ab22051', 2, 'Serious figure hold might prevent mother benefit.');
INSERT INTO Review (review_id, property_id, user_id, rating, comment) VALUES ('ab69c7a3-b38a-496c-aa8a-daf61c72e7cd', '88757d98-c525-4f45-957a-a9f13a807c54', '29e32e86-2d5b-410c-9aa2-9c766d4b39ed', 4, 'Per ground win hand American miss performance.');
INSERT INTO Review (review_id, property_id, user_id, rating, comment) VALUES ('3404878b-8033-41d2-9c02-594e3ee01cac', '0bd8cc89-80a0-48cd-9674-004cb618a3e8', 'e596a721-0171-4788-aa08-c254651bfd02', 2, 'Economy poor move only staff society good budget.');
INSERT INTO Review (review_id, property_id, user_id, rating, comment) VALUES ('3499f715-d8aa-452e-b841-48bc51bc4e34', 'ed213c2f-9074-404c-a5fa-9b817e7193d5', 'd7d45eda-bdc6-43d5-866f-e9f0a47cd81c', 1, 'Well situation service.');
INSERT INTO Review (review_id, property_id, user_id, rating, comment) VALUES ('3811cf94-4208-4bce-abf6-5d131cc66a25', '685318fb-5d64-44cf-8f20-5fb25df6e898', '50c868f3-e233-4eb9-9ca9-2d6956803a33', 4, 'Head class camera remember.');
INSERT INTO Review (review_id, property_id, user_id, rating, comment) VALUES ('39a8e4b2-812f-4309-a1fb-072cd0e28c19', 'c5617675-53ee-4a3c-acea-6d0abeae34c0', '6c9b52f8-6aba-444e-b2ce-83197967b048', 2, 'Investment response would particularly send discussion early.');
INSERT INTO Review (review_id, property_id, user_id, rating, comment) VALUES ('4291c9ad-19f2-42af-a9b4-c884307aa697', '2c791610-e9b7-4dd6-b3d2-d0170c96797b', '4109d8c4-0e57-4781-a254-e519875991b3', 2, 'Situation maybe try throw man show behind.');
INSERT INTO Review (review_id, property_id, user_id, rating, comment) VALUES ('42609e1d-ab98-42f7-8ef3-7a28b97ec9ae', 'e643bd21-7512-4da3-b796-b5f96e515cb1', '7f53a811-cb05-49ef-928e-a62ee7951e49', 5, 'Foot free wrong language raise.');
INSERT INTO Review (review_id, property_id, user_id, rating, comment) VALUES ('b3af5012-3e75-4066-90cc-eb96b0829b88', 'bb80f7a4-2a81-4844-918e-c3a981a0dce7', '3acce0bc-98a4-4db4-b60d-c6f460a38e8d', 2, 'Would network edge prevent.');
INSERT INTO Review (review_id, property_id, user_id, rating, comment) VALUES ('680a5029-eb40-4df2-b368-413effe92bd8', 'e83897f5-1710-40b2-a34b-7780a40c65df', '4cb60f87-9cb2-43a7-8cc6-513d4e4c8abe', 2, 'Shake each check feel or central tree.');
INSERT INTO Review (review_id, property_id, user_id, rating, comment) VALUES ('08e7bee7-0550-4bae-9091-caac1be0a992', '1f58cc03-d788-461a-b205-816df085f26a', '994ecafb-67e1-4355-b02b-369f2801c68a', 4, 'Could question wife special radio threat.');
INSERT INTO Review (review_id, property_id, user_id, rating, comment) VALUES ('f51ccbaa-a5fb-4cf8-a34d-ebbd019156d4', '6f212946-4c67-432f-82d6-056d981d9293', '3acce0bc-98a4-4db4-b60d-c6f460a38e8d', 1, 'Economy big water kind.');
INSERT INTO Review (review_id, property_id, user_id, rating, comment) VALUES ('99b81977-42c8-4f2c-a5e9-2cfe29c1d350', '840fdf6c-d771-4723-a94f-a25da904747b', '9a45c66f-7fa8-4440-acbb-4af1d60233c1', 3, 'Cold cold building artist hour.');
INSERT INTO Review (review_id, property_id, user_id, rating, comment) VALUES ('4e2df9a5-968e-4cf7-b2e3-3d092e250567', 'bb80f7a4-2a81-4844-918e-c3a981a0dce7', '6d28d73d-ba75-45c4-948c-fb68bd21edbf', 2, 'Condition wall house present who.');
INSERT INTO Review (review_id, property_id, user_id, rating, comment) VALUES ('503f28da-fc6c-4a75-b9c0-db95b21073ee', 'c5617675-53ee-4a3c-acea-6d0abeae34c0', 'cebf56ae-f362-442f-8c43-1ac0dacfa071', 4, 'At place why support alone sing significant.');
INSERT INTO Review (review_id, property_id, user_id, rating, comment) VALUES ('d004ee57-31a0-4835-a3ea-6c4bc77dc935', '869c5b2c-8fb6-4ab0-b30a-ce67b5322bce', '3acce0bc-98a4-4db4-b60d-c6f460a38e8d', 2, 'Task deep force.');
INSERT INTO Review (review_id, property_id, user_id, rating, comment) VALUES ('47753352-2667-4c1e-b365-a991f34b1f78', '125eec66-9c57-484d-94e5-475210f8df7d', '29e32e86-2d5b-410c-9aa2-9c766d4b39ed', 2, 'Exactly than situation surface property have.');
INSERT INTO Review (review_id, property_id, user_id, rating, comment) VALUES ('2fa65648-745d-47f8-844a-250ab086b7fb', 'bf922d9b-3155-4910-ad5f-f0c286e8a757', 'f0493b8f-799c-4a0a-8e55-067ce274db47', 5, 'Read important a.');
INSERT INTO Review (review_id, property_id, user_id, rating, comment) VALUES ('b2ce63bc-ffa9-420e-becb-2d5f91e73454', '4805b907-1665-4a25-9805-80fbb8d0e4d8', '524b80d9-120a-4ac0-9eef-7a408943a181', 4, 'Decade create state rule bank security.');
INSERT INTO Review (review_id, property_id, user_id, rating, comment) VALUES ('a7b35e62-c7ec-4221-b2cf-e90cadb71ac9', '0c31797c-acbd-47f6-97fc-91233cd9c6b2', '8c624138-a41b-4c9d-bd76-a4a1a09759e3', 4, 'Their parent concern decide.');
INSERT INTO Review (review_id, property_id, user_id, rating, comment) VALUES ('f9a58e33-fac0-4a62-b45d-c2cb9b64eebb', '5b4008e4-c3a4-489d-b9c3-3714ebb1aa60', '600de622-561a-44e2-896b-9c28184ba8a3', 2, 'Under traditional agree store top.');
INSERT INTO Review (review_id, property_id, user_id, rating, comment) VALUES ('94b26818-8174-46e3-a7b7-656d211edde0', '8341d07f-bb69-4b8d-8a6f-d5617fee5bc3', 'f3c5b9a4-6c95-4998-98a4-f5008b923729', 4, 'Live anything clearly view to stop make.');
INSERT INTO Review (review_id, property_id, user_id, rating, comment) VALUES ('06668cc9-6eab-4fe6-aa8e-40f7a38fef4b', 'bb80f7a4-2a81-4844-918e-c3a981a0dce7', '907dfb4d-756d-4838-ad88-7b7c42e9053d', 4, 'Now wrong party bring.');
INSERT INTO Review (review_id, property_id, user_id, rating, comment) VALUES ('c9439e4e-1a7b-4ca6-b4df-5ed9859e484f', '2ea5667f-ae58-4f5b-83b7-d740c9542740', '4ffdff9b-aa6b-48f2-bc1e-4a7e59c1b47e', 5, 'Project continue result maybe hot form.');
INSERT INTO Review (review_id, property_id, user_id, rating, comment) VALUES ('235d8ef3-3c1a-480f-bddf-e360164046aa', '398d75bd-2479-4c6e-8b11-2f01a3071540', '9190b182-ca9a-4c1f-ba26-3d1534ebbce7', 3, 'With dog goal food.');
INSERT INTO Review (review_id, property_id, user_id, rating, comment) VALUES ('066ba541-b637-4f83-8b22-020e77937b25', 'a1edfd6a-236c-4cb6-8187-99413cc5dda0', '67260a4d-f028-4a5d-9d05-7bd7dc76a519', 4, 'Relationship event spend write.');
INSERT INTO Review (review_id, property_id, user_id, rating, comment) VALUES ('5aab54c0-cd04-4962-afdd-a4791627c34c', '1f58cc03-d788-461a-b205-816df085f26a', '99f8570b-48d5-4dae-89e3-d3edb5100e08', 3, 'May guess site positive test task very.');
INSERT INTO Review (review_id, property_id, user_id, rating, comment) VALUES ('f6a3bf33-64bc-47f1-ab61-0224149e0272', 'ea78cc40-b4da-4750-99a6-fc6344d35c61', '6a0d6cb9-d9f9-44d7-b075-34c796645be9', 2, 'Plan fact upon offer build PM.');
INSERT INTO Review (review_id, property_id, user_id, rating, comment) VALUES ('48ea4322-5489-4ef8-a4df-62afa5237460', '6bba5f34-e6bc-4dfb-a9e4-077f74a2295c', '8455eac7-8bdd-4673-90a8-4f4dfe4f5991', 5, 'Blood expect minute still wall truth.');
INSERT INTO Review (review_id, property_id, user_id, rating, comment) VALUES ('f60ddfe8-6bd2-49f9-a83a-df822aa63770', '86a746b8-d808-4875-9c6a-5b910490a3d4', '0773e5d3-b12e-42aa-9f3d-4d65d879cebb', 5, 'Senior gas fast partner instead both.');
INSERT INTO Review (review_id, property_id, user_id, rating, comment) VALUES ('d3d161d8-4d57-4c87-8841-dcbd45ed9104', '42a07e8f-572a-4a60-95ba-43b871cd33a0', 'a96e1ba1-0cbb-4296-a30b-f53e7ed600c8', 5, 'Some bill practice tax.');
INSERT INTO Review (review_id, property_id, user_id, rating, comment) VALUES ('3ea04cbe-cce4-431c-a377-1e269e50372c', '2897df41-2955-4d71-b727-a656649b377a', '77cf5087-91a2-4b6f-bcef-96b004b2a125', 2, 'Know leave continue different another challenge.');
INSERT INTO Review (review_id, property_id, user_id, rating, comment) VALUES ('5836a76c-5bd8-4868-bb6d-b96b05f895a4', 'a84cc1a0-df0c-4ae3-96ba-e18205e15f2d', 'f9f5c1a8-0e2e-4d06-8c6e-7a0afd84193d', 2, 'Mrs region during fine ready us example.');
INSERT INTO Review (review_id, property_id, user_id, rating, comment) VALUES ('1491c68d-5a89-44f7-bf0d-e436ee3ba9b5', 'c28b279d-5763-4aa0-9461-999f9a44d5ae', '5f66de6c-bf98-4535-989b-87d1dd561b30', 5, 'Continue relationship write heavy concern community indicate.');
INSERT INTO Review (review_id, property_id, user_id, rating, comment) VALUES ('d48c98fb-732b-4148-8621-40c85ed3830e', '58a3cd30-3d42-4f0e-94d1-17027c456c77', '1c5d95b9-3dfb-4209-a82f-1151fb3c5971', 1, 'Wonder late indeed late increase wonder.');
INSERT INTO Review (review_id, property_id, user_id, rating, comment) VALUES ('4fb15729-e3e7-4d77-95ca-7f36ec51fe7c', 'e6b0278c-5971-4fd3-a7f6-5f9a3df953f7', 'd073b7d9-d6d8-41b1-8989-cf7eb91c55e1', 2, 'Remember sister admit town blue near senior.');
INSERT INTO Review (review_id, property_id, user_id, rating, comment) VALUES ('f61a9d3f-f46b-442c-8d45-be8be97d3433', '43d1f86c-64f2-44ad-9865-fc6414e85348', 'c91b78f8-f3ac-4032-9d45-ad14eb0aec05', 5, 'Owner thought music consider particular.');
INSERT INTO Review (review_id, property_id, user_id, rating, comment) VALUES ('69742dcb-8a2a-450e-94dd-709a8a589c49', 'd098f274-efd6-4d6f-be42-77516a968e45', '45cd000f-9a32-4ca1-9cfb-4e3ba97deaab', 3, 'Cup season traditional Congress wear generation.');
INSERT INTO Review (review_id, property_id, user_id, rating, comment) VALUES ('920079ec-d69a-48d1-abfa-034a78e9b0a7', '52965612-1531-415e-ada4-7e1f3f369178', '524b80d9-120a-4ac0-9eef-7a408943a181', 4, 'Cut wonder south situation toward nation study see.');
INSERT INTO Review (review_id, property_id, user_id, rating, comment) VALUES ('70271ca5-7b4e-4f68-aaf4-d7c766cc3176', '88757d98-c525-4f45-957a-a9f13a807c54', '907dfb4d-756d-4838-ad88-7b7c42e9053d', 3, 'Military fall current there believe indeed.');
INSERT INTO Review (review_id, property_id, user_id, rating, comment) VALUES ('0cdc2bb1-30c4-475d-980f-ebfe6e4a0b21', 'd70b279d-b582-44e6-b398-21e3e635c0f8', '1c743f2b-5059-45dd-a4e1-8a54baa23d2d', 3, 'Party too phone mission situation cup.');
INSERT INTO Review (review_id, property_id, user_id, rating, comment) VALUES ('05aa1da2-bb55-4bb6-8528-af6bad0eb92a', 'bcc22755-9b61-47c6-856d-c66b91d653ad', '5e638b3e-8fe5-4a40-9f88-31784ff6ef6f', 2, 'Agree country east trial company worker.');
INSERT INTO Review (review_id, property_id, user_id, rating, comment) VALUES ('98e90619-2188-47ae-944b-c698dd43d8bc', '52965612-1531-415e-ada4-7e1f3f369178', '48862db9-1666-427b-ae6f-b832a7e213c2', 1, 'Treatment science prove Democrat yard good.');
INSERT INTO Review (review_id, property_id, user_id, rating, comment) VALUES ('fd73c5f6-2877-47f1-9620-27687e245762', 'a84cc1a0-df0c-4ae3-96ba-e18205e15f2d', '9a45c66f-7fa8-4440-acbb-4af1d60233c1', 5, 'Less thousand man smile compare recently safe.');
INSERT INTO Review (review_id, property_id, user_id, rating, comment) VALUES ('69d85729-6929-47c0-9596-b631983c1c21', 'dea50cf2-b935-46a8-93cc-3503bb549fc1', 'd3447025-4e8f-403a-a2c0-ef53e7883372', 5, 'Radio son also condition.');
INSERT INTO Review (review_id, property_id, user_id, rating, comment) VALUES ('0f76aebf-9240-4fc0-a2b2-8e95249b614f', '7c6d77ab-517e-4c38-8fd1-c380a2803930', '4cb60f87-9cb2-43a7-8cc6-513d4e4c8abe', 4, 'The between talk dark dog including big.');
INSERT INTO Review (review_id, property_id, user_id, rating, comment) VALUES ('c05572b6-b2b3-45ca-83c7-e354a9ac270f', '398d75bd-2479-4c6e-8b11-2f01a3071540', '48862db9-1666-427b-ae6f-b832a7e213c2', 1, 'Return young instead Republican drug.');
INSERT INTO Review (review_id, property_id, user_id, rating, comment) VALUES ('c92d00b3-e2fb-4168-b63b-d6b261d0386d', 'f769f8da-5f1b-4b46-b22a-e08eb763c36b', 'c3d558b2-a498-4d88-8a45-e1f77fa1000f', 4, 'Idea often scene data foreign identify.');
INSERT INTO Review (review_id, property_id, user_id, rating, comment) VALUES ('b407d420-224b-4813-b349-014ed996911a', 'd2df941a-2b39-46e5-b16c-ca982ae8a99e', 'ee0c60b7-be09-46e5-ae00-eb761a044cfc', 4, 'Involve long item suddenly activity.');
INSERT INTO Review (review_id, property_id, user_id, rating, comment) VALUES ('fc4fdd5d-c499-4903-b0ca-0a0064fa2b0f', '5363871f-8d44-4134-aa7d-c5855a794a10', '9a45c66f-7fa8-4440-acbb-4af1d60233c1', 1, 'Politics former order step ten.');
INSERT INTO Review (review_id, property_id, user_id, rating, comment) VALUES ('cee036e5-40bf-4ee5-b684-9f0f931ba669', '0ac67336-062e-4af3-bbe8-5266fb3cb100', 'd45ef3ff-e4a5-40e4-97d7-152643d65c16', 1, 'National design rule deep yourself class.');
INSERT INTO Review (review_id, property_id, user_id, rating, comment) VALUES ('3af24647-b17d-4303-bf29-bc8ececda300', 'f2759549-e458-4c3a-9ff7-ee283b224eff', 'ff86a7ef-d50b-45e0-aad2-e41daccf5121', 3, 'Rest strong lead.');
INSERT INTO Review (review_id, property_id, user_id, rating, comment) VALUES ('3183f120-1a5a-4bf1-9b35-4aadb17b8ef0', 'adf0aa1e-0692-4ebb-ad79-dfef898787de', '75f874b7-d075-4191-a111-2eda7dbef3df', 3, 'Fund institution sense computer series would training.');
INSERT INTO Review (review_id, property_id, user_id, rating, comment) VALUES ('092af226-e731-40fc-a04d-9d6a2594dae4', 'bcc22755-9b61-47c6-856d-c66b91d653ad', '78b9d7ff-c4e9-498f-9105-737a81b90f4d', 3, 'Yard set development money lawyer term image.');
INSERT INTO Review (review_id, property_id, user_id, rating, comment) VALUES ('61522f36-c94c-465e-b73b-3dbcfcee4e33', 'c929f5ef-d5b6-442a-a67e-108ad268e59b', 'fc21f3b2-0e5c-4721-8f32-c19b0b747ea2', 4, 'Goal bar answer information great total.');
INSERT INTO Review (review_id, property_id, user_id, rating, comment) VALUES ('04cf2562-a549-43c0-91d8-bedb855a657b', '7c6d77ab-517e-4c38-8fd1-c380a2803930', '90fe5b72-8145-4825-849c-22740d0c2ba2', 5, 'By seek government relationship drive skill section.');
INSERT INTO Review (review_id, property_id, user_id, rating, comment) VALUES ('fa737d16-31ea-4fb4-b5ab-ad5e96073019', 'dea50cf2-b935-46a8-93cc-3503bb549fc1', '08a0f2ce-9f92-49fb-af06-15498d5da17b', 5, 'Eye trouble bag nor say.');
INSERT INTO Review (review_id, property_id, user_id, rating, comment) VALUES ('f6989f21-b1d6-44ca-a68c-4897b2dab697', 'fc6415ef-e068-4d94-b342-022d3cb362a1', 'abb8bfd6-35f5-4151-ba48-d11bb1791ce3', 3, 'Minute fish high good out bag.');
INSERT INTO Review (review_id, property_id, user_id, rating, comment) VALUES ('a71dc978-284b-4424-be81-8b7884b6feb1', '38459f49-c551-4970-97ca-cf79125cef30', 'd917a7e5-d6f0-4bce-a06b-4326f66fefbb', 3, 'Wind among time main.');
INSERT INTO Review (review_id, property_id, user_id, rating, comment) VALUES ('5926100f-f6ad-4e50-bad6-880401e95bac', 'af3c3320-3d3a-410d-a5c6-75f4a76dc445', 'c3d558b2-a498-4d88-8a45-e1f77fa1000f', 3, 'Until husband the body here.');
INSERT INTO Review (review_id, property_id, user_id, rating, comment) VALUES ('a4cbde5b-dae7-4012-895b-edeabba5271f', '622aaaf5-222e-44a9-9501-b321989a7c8f', '1b10be3d-1f08-4086-9a40-4611a1cf1d65', 2, 'Quickly space wear person until.');

-- Messages
INSERT INTO Message (message_id, sender_id, recipient_id, message_body) VALUES ('dc6f4b23-c2e0-4f7b-9e20-73484aff4956', 'd45ef3ff-e4a5-40e4-97d7-152643d65c16', '54cbbb98-f30d-47f3-bdad-d25212e7323c', 'While talk important product attack.');
INSERT INTO Message (message_id, sender_id, recipient_id, message_body) VALUES ('5404eac2-0923-49ae-b8db-aa3a4a26b81c', '23ca642f-baa7-4917-b12b-977dcab589c6', '3c2258ed-0e73-4a7f-a125-3aa20038dec5', 'Enter that bar thing approach concern baby.');
INSERT INTO Message (message_id, sender_id, recipient_id, message_body) VALUES ('e14b431e-d12b-489a-b699-37d60aa3159d', 'ee0c60b7-be09-46e5-ae00-eb761a044cfc', 'ecefec55-f3d5-4557-add0-118358a787e7', 'Dinner who join believe piece.');
INSERT INTO Message (message_id, sender_id, recipient_id, message_body) VALUES ('4585ff53-f0bb-4d54-bcc1-b1e2f5f4e242', '2765bcfc-5491-43d4-a499-77d06df32561', '7a03f658-e6f2-4d38-8baa-9d519e5caf8f', 'Keep after too value show major cold.');
INSERT INTO Message (message_id, sender_id, recipient_id, message_body) VALUES ('56f98242-6d53-4536-a08a-c7d623ba310c', 'c2ff18ad-ed5c-4fb0-a0a3-8d550780a289', '50c868f3-e233-4eb9-9ca9-2d6956803a33', 'Daughter really scene see.');
INSERT INTO Message (message_id, sender_id, recipient_id, message_body) VALUES ('e3a2ce65-ba30-4be9-ad01-794f3dcd4e62', 'e4078e65-1c9a-4206-8f33-72862d5b1e37', 'ee0c60b7-be09-46e5-ae00-eb761a044cfc', 'Already ready keep agreement name.');
INSERT INTO Message (message_id, sender_id, recipient_id, message_body) VALUES ('6f0fe723-95f4-4cc8-a108-19f36d10e7d2', 'e947c218-92af-4ebd-90e3-0d28225daf18', 'b5be5ffd-5e58-419f-84be-a90335274fde', 'Both him drop your take soon indeed.');
INSERT INTO Message (message_id, sender_id, recipient_id, message_body) VALUES ('08f3c7fa-cae3-4490-939b-c9a3199453e9', '5e638b3e-8fe5-4a40-9f88-31784ff6ef6f', 'd7d45eda-bdc6-43d5-866f-e9f0a47cd81c', 'Contain drive across inside amount crime according already.');
INSERT INTO Message (message_id, sender_id, recipient_id, message_body) VALUES ('0ef0b797-4f1a-4adf-b53d-d12cfdd49bbb', '54255124-fe05-4bde-9906-600391b73c50', 'c91b78f8-f3ac-4032-9d45-ad14eb0aec05', 'Road help couple such.');
INSERT INTO Message (message_id, sender_id, recipient_id, message_body) VALUES ('ef0ddb4f-0d90-4dee-8044-61021f27d99a', '6c9b52f8-6aba-444e-b2ce-83197967b048', '3d16e843-1356-42d8-8c4b-0d4bd22350ca', 'Any north may analysis.');
INSERT INTO Message (message_id, sender_id, recipient_id, message_body) VALUES ('34be7dfc-5595-4dea-8b2d-3940b75e3993', '478ef557-2f93-49b4-8f89-5e4830981d6a', '92c2657c-4929-49ad-bc19-eef4998eda29', 'Raise important modern series care whatever.');
INSERT INTO Message (message_id, sender_id, recipient_id, message_body) VALUES ('056839e2-637a-48e4-a568-c1c64941ce5f', '7cf7062d-94f4-48d1-9020-2a031e03934e', '9d848583-0e57-427e-8ebe-0e81343b5171', 'Often such top few election manage we.');
INSERT INTO Message (message_id, sender_id, recipient_id, message_body) VALUES ('7e915992-6394-49af-b83a-499d1d4c2754', 'b6ae824d-47ec-4a45-aece-9edb8d2f9880', '64d2d537-0458-4adf-a38a-84e4072fe262', 'Own character level pull.');
INSERT INTO Message (message_id, sender_id, recipient_id, message_body) VALUES ('3717064a-dad2-4725-a9a8-322883d93b80', 'ff86a7ef-d50b-45e0-aad2-e41daccf5121', '50c868f3-e233-4eb9-9ca9-2d6956803a33', 'Reveal require draw green.');
INSERT INTO Message (message_id, sender_id, recipient_id, message_body) VALUES ('438db1a0-16b2-4026-b78f-320bcbba29a6', 'e551787c-ea6e-4ce8-89ed-2976949104ad', '00e61863-0072-42b6-a1c1-989d24deaa63', 'Prevent apply avoid practice.');
INSERT INTO Message (message_id, sender_id, recipient_id, message_body) VALUES ('558c050f-39b0-40ac-92dc-83cb02792106', '3c2258ed-0e73-4a7f-a125-3aa20038dec5', '600de622-561a-44e2-896b-9c28184ba8a3', 'His main buy of enter.');
INSERT INTO Message (message_id, sender_id, recipient_id, message_body) VALUES ('d61f5976-e455-4382-bec9-f1a25b203a8b', 'e596a721-0171-4788-aa08-c254651bfd02', 'd2638c93-ed22-4f8f-9a40-ab904a3fadfb', 'Operation tax view drug quality.');
INSERT INTO Message (message_id, sender_id, recipient_id, message_body) VALUES ('10e15bb7-9f7b-453f-87d5-08b94693da46', '2765bcfc-5491-43d4-a499-77d06df32561', 'd073b7d9-d6d8-41b1-8989-cf7eb91c55e1', 'Near evening no matter.');
INSERT INTO Message (message_id, sender_id, recipient_id, message_body) VALUES ('9d3bf967-b7e3-4da1-a4ae-531af3281e58', '29e32e86-2d5b-410c-9aa2-9c766d4b39ed', '5ea0ba4c-abb7-4476-8357-520c866565e4', 'Physical this Mr size check since.');
INSERT INTO Message (message_id, sender_id, recipient_id, message_body) VALUES ('11751739-2e0e-4ef2-9b12-358d6d6fd75b', '907dfb4d-756d-4838-ad88-7b7c42e9053d', '434b03e3-cc66-47f1-96b1-7f30ecfd8377', 'Create professor performance suffer protect mind which.');
INSERT INTO Message (message_id, sender_id, recipient_id, message_body) VALUES ('90a4d616-d2c6-4170-ac21-17d197abec3f', 'fbd7610c-d2cd-4921-9c8d-a1452e5e5ec1', '45cd000f-9a32-4ca1-9cfb-4e3ba97deaab', 'Institution white skill detail.');
INSERT INTO Message (message_id, sender_id, recipient_id, message_body) VALUES ('c0213fd3-a540-4e54-b67f-aa96061a8750', 'df16543c-fe8a-4568-bdf1-6accd91b3abf', 'd9d186af-e0ae-4c7a-bfe7-1385e4df0ca0', 'Contain physical fine color apply leader.');
INSERT INTO Message (message_id, sender_id, recipient_id, message_body) VALUES ('3abcd49c-9d6c-4f50-90b2-743fc648c538', 'ac2730d0-0371-4a8f-bffa-e2c4267d0a42', '3acce0bc-98a4-4db4-b60d-c6f460a38e8d', 'They again thought director room wonder.');
INSERT INTO Message (message_id, sender_id, recipient_id, message_body) VALUES ('057c9467-5a9e-442e-bab4-dbad30a87e33', '5e638b3e-8fe5-4a40-9f88-31784ff6ef6f', 'd88d296d-5f2b-48a8-9565-e65361d95c59', 'Chair road traditional hundred gas item customer.');
INSERT INTO Message (message_id, sender_id, recipient_id, message_body) VALUES ('5f6a5d37-276b-4686-bfcf-f02f315e4372', '763bb578-5793-4303-aeb0-28232341c807', '2fa5c0a5-06ee-4b0c-8966-30f52e4848e7', 'Above hotel his reality single.');
INSERT INTO Message (message_id, sender_id, recipient_id, message_body) VALUES ('a4498a9c-1da3-4110-b993-97c717fc0fe0', '4109d8c4-0e57-4781-a254-e519875991b3', 'd9d186af-e0ae-4c7a-bfe7-1385e4df0ca0', 'Off inside training seek travel politics blood middle.');
INSERT INTO Message (message_id, sender_id, recipient_id, message_body) VALUES ('16d57982-9b08-425c-b8b2-f5b3aad4f0a7', 'fe71be63-e1ec-4efd-bcfa-92d6b90e4e00', 'd45ef3ff-e4a5-40e4-97d7-152643d65c16', 'Knowledge coach trial development property rest popular.');
INSERT INTO Message (message_id, sender_id, recipient_id, message_body) VALUES ('a366a6c4-d2cb-48b4-8276-4eaeead3e903', '6fddd631-9907-4e98-b386-ee289e608b6e', '99f8570b-48d5-4dae-89e3-d3edb5100e08', 'Marriage president recently yet yourself.');
INSERT INTO Message (message_id, sender_id, recipient_id, message_body) VALUES ('08b28dbc-c624-44cc-b8d7-172434411f27', '1c743f2b-5059-45dd-a4e1-8a54baa23d2d', 'd45ef3ff-e4a5-40e4-97d7-152643d65c16', 'Fine movie me sure color treatment.');
INSERT INTO Message (message_id, sender_id, recipient_id, message_body) VALUES ('a1843c93-7c89-4463-902b-3734b79894e2', '561241df-0b36-46bc-bc7b-e6e3aeccc468', '46cb8b94-da37-4098-8576-7081f5f22af6', 'Be court among second customer.');
INSERT INTO Message (message_id, sender_id, recipient_id, message_body) VALUES ('af1e6645-31a9-47b5-8e39-1e1715e664dc', '3c2258ed-0e73-4a7f-a125-3aa20038dec5', 'acb4d06f-6999-4d2e-beea-cd235acc56cb', 'Tell test blue.');
INSERT INTO Message (message_id, sender_id, recipient_id, message_body) VALUES ('4ae08986-e672-451a-8ee7-e466bdd94ac9', '1c5d95b9-3dfb-4209-a82f-1151fb3c5971', '070d8c34-2a69-447b-b891-1328acf40e5d', 'Red animal east nothing believe sea attack.');
INSERT INTO Message (message_id, sender_id, recipient_id, message_body) VALUES ('87c956e9-7c65-4b19-9b1e-2d63d1ebddc8', 'a946980e-2449-4bff-89cb-8fe5efe0b918', '6fbbbb24-289a-4f03-81f0-290b251367fe', 'Down tax anyone dark our ok.');
INSERT INTO Message (message_id, sender_id, recipient_id, message_body) VALUES ('24b62ae6-a863-422f-a299-8c703603e68a', '8486dd68-5d2b-4816-b534-a76e9388d546', '78b9d7ff-c4e9-498f-9105-737a81b90f4d', 'Interest last management range condition.');
INSERT INTO Message (message_id, sender_id, recipient_id, message_body) VALUES ('6b092118-9266-4e4b-873c-1e6df0fd624b', '561241df-0b36-46bc-bc7b-e6e3aeccc468', '90fe5b72-8145-4825-849c-22740d0c2ba2', 'Project almost shake environment.');
INSERT INTO Message (message_id, sender_id, recipient_id, message_body) VALUES ('a62db8a8-632f-417c-a4ba-7d04913860e5', '5f66de6c-bf98-4535-989b-87d1dd561b30', '1ddae8e8-17f2-43b9-bb0f-ab98ca8c9f3d', 'Fine rise this activity gas finally.');
INSERT INTO Message (message_id, sender_id, recipient_id, message_body) VALUES ('835e0488-0a20-4912-b0e3-b596eff26852', 'ff86a7ef-d50b-45e0-aad2-e41daccf5121', 'd8ffa249-225b-4e33-a24b-a671b3ee54bd', 'Range like class water.');
INSERT INTO Message (message_id, sender_id, recipient_id, message_body) VALUES ('ba61958e-3cfc-4e0b-b36e-c965adbed710', 'cebf56ae-f362-442f-8c43-1ac0dacfa071', '994ecafb-67e1-4355-b02b-369f2801c68a', 'Too could he experience figure do least political.');
INSERT INTO Message (message_id, sender_id, recipient_id, message_body) VALUES ('aaeef535-9dad-4dd6-bad0-5fba68424ea2', '57c5c9df-3517-427f-992d-e42fdb346252', 'd8f2ed9b-f09b-415b-8cdb-2e0e0a933e67', 'Difficult scene for miss.');
INSERT INTO Message (message_id, sender_id, recipient_id, message_body) VALUES ('a3fcf347-70e9-4e0b-a0f0-0bedef9ad35e', '48862db9-1666-427b-ae6f-b832a7e213c2', '4ffdff9b-aa6b-48f2-bc1e-4a7e59c1b47e', 'Decision choice nature final sense toward edge.');
INSERT INTO Message (message_id, sender_id, recipient_id, message_body) VALUES ('7878eed8-d42e-434e-98a2-8c934e0c3e24', '6fddd631-9907-4e98-b386-ee289e608b6e', 'ff86a7ef-d50b-45e0-aad2-e41daccf5121', 'Read wish table nature want former quickly.');
INSERT INTO Message (message_id, sender_id, recipient_id, message_body) VALUES ('89f29816-453c-4667-ba6a-69064dc71461', '85dbe46d-d5f4-4fdc-b9d9-7be807df25a8', '907dfb4d-756d-4838-ad88-7b7c42e9053d', 'Discuss enjoy challenge expect space expert.');
INSERT INTO Message (message_id, sender_id, recipient_id, message_body) VALUES ('b3701de3-8899-4ae4-9165-12a67b276262', '92e033f8-3240-4276-9247-61d1c4088c9c', '418c97e1-5b38-4905-a3ee-9fbfc292727c', 'Push face real.');
INSERT INTO Message (message_id, sender_id, recipient_id, message_body) VALUES ('e95509de-d23e-4d3e-bc99-10af184dccf6', 'cebf56ae-f362-442f-8c43-1ac0dacfa071', '33b440a5-796d-42e0-a4d0-435ea5308201', 'Imagine bit reflect prevent.');
INSERT INTO Message (message_id, sender_id, recipient_id, message_body) VALUES ('535d4f01-c1a7-4ae2-8163-161b9aa20a39', '56980766-7519-4af8-963b-88e36d87a7bd', '600de622-561a-44e2-896b-9c28184ba8a3', 'Question raise out star crime bill.');
INSERT INTO Message (message_id, sender_id, recipient_id, message_body) VALUES ('741178ec-1e74-4b7e-a6e7-fd47391fbf6b', '54cbbb98-f30d-47f3-bdad-d25212e7323c', '600de622-561a-44e2-896b-9c28184ba8a3', 'Visit itself author dog cup worker.');
INSERT INTO Message (message_id, sender_id, recipient_id, message_body) VALUES ('1c2498ff-c91b-4db4-a22c-5a98bce51797', 'acb4d06f-6999-4d2e-beea-cd235acc56cb', '8c624138-a41b-4c9d-bd76-a4a1a09759e3', 'Campaign generation necessary herself author hair.');
INSERT INTO Message (message_id, sender_id, recipient_id, message_body) VALUES ('321a6e16-354c-4494-b710-957cd34a35e8', '561241df-0b36-46bc-bc7b-e6e3aeccc468', 'eafde7e8-110a-4aee-9ebe-4c7c35d86f74', 'Government matter business of policy with.');
INSERT INTO Message (message_id, sender_id, recipient_id, message_body) VALUES ('51409d93-2254-4093-994c-8c759880bc40', '1b10be3d-1f08-4086-9a40-4611a1cf1d65', '77cf5087-91a2-4b6f-bcef-96b004b2a125', 'Research method near hold mind.');
INSERT INTO Message (message_id, sender_id, recipient_id, message_body) VALUES ('831deb53-a10c-4c92-86e5-1db9c90996f6', '8486dd68-5d2b-4816-b534-a76e9388d546', '96f7cc71-ab17-442d-ba47-8f6d96126505', 'Security by building office five land win.');
INSERT INTO Message (message_id, sender_id, recipient_id, message_body) VALUES ('093e24c2-5d10-485f-b5c1-5544010caa4b', 'fd83fad6-56bd-4a76-8c51-56264fda8f12', '31591fbd-c64c-4c8f-bc09-2a3b39cf3a1c', 'Choice available right space development major.');
INSERT INTO Message (message_id, sender_id, recipient_id, message_body) VALUES ('aa600cb5-60c0-490c-a2cb-24f8a79df69e', 'fd83fad6-56bd-4a76-8c51-56264fda8f12', '40f2621c-975d-4ce1-b453-4a1709729464', 'Success machine difficult try.');
INSERT INTO Message (message_id, sender_id, recipient_id, message_body) VALUES ('a9f22a86-9068-41dc-8497-9509b12997dd', 'a946980e-2449-4bff-89cb-8fe5efe0b918', '8c624138-a41b-4c9d-bd76-a4a1a09759e3', 'Baby rule beat design.');
INSERT INTO Message (message_id, sender_id, recipient_id, message_body) VALUES ('6208ff72-f13f-42d3-96d2-714f8d9a177e', '6d28d73d-ba75-45c4-948c-fb68bd21edbf', '907dfb4d-756d-4838-ad88-7b7c42e9053d', 'Perform performance know tough rich your total.');
INSERT INTO Message (message_id, sender_id, recipient_id, message_body) VALUES ('77c1eeb7-64f3-4828-8fc4-0189b0c5a0a8', '753a662a-8b56-4a9b-86ad-91677ad5c8e3', 'be5038de-5ade-4ad4-b36b-a010f31e649c', 'Approach green crime.');
INSERT INTO Message (message_id, sender_id, recipient_id, message_body) VALUES ('4c89cdd9-0222-4c89-9d08-312ba8087107', '67bb3849-e55d-4f61-820b-b8b10902c5a9', '6fbbbb24-289a-4f03-81f0-290b251367fe', 'Letter each TV executive money support fast.');
INSERT INTO Message (message_id, sender_id, recipient_id, message_body) VALUES ('800c3494-1663-4f7b-8fcb-d8c8c7cff94f', '50c868f3-e233-4eb9-9ca9-2d6956803a33', 'f0be8e3e-7f37-4d8b-a259-32dec0eec966', 'Stuff picture huge both me.');
INSERT INTO Message (message_id, sender_id, recipient_id, message_body) VALUES ('97e36e18-eda2-4636-9e3a-d71a767d563d', 'e551787c-ea6e-4ce8-89ed-2976949104ad', '67260a4d-f028-4a5d-9d05-7bd7dc76a519', 'Forward center garden impact away around author fine.');
INSERT INTO Message (message_id, sender_id, recipient_id, message_body) VALUES ('5e19f0b6-aa5f-42e5-ad52-8b64fdd3197c', '11888cc0-5bca-43d2-8676-11ee769839f6', '59f89e08-5a42-4c04-8efa-140e15099dd0', 'Film prove product specific option.');
INSERT INTO Message (message_id, sender_id, recipient_id, message_body) VALUES ('99a7efbb-0ea5-4e19-9d3e-793e80d84217', 'db5e0f4c-0352-4f6c-a662-94a779f2e8e3', 'adb4c34b-d866-4ea8-847a-8c222f951ad2', 'Region age ten be.');
INSERT INTO Message (message_id, sender_id, recipient_id, message_body) VALUES ('4605c523-bc62-43d5-838e-db7f77f3466a', '45cd000f-9a32-4ca1-9cfb-4e3ba97deaab', '830b767e-1974-484a-8e60-4e56cc45a581', 'Lose place suggest style.');
INSERT INTO Message (message_id, sender_id, recipient_id, message_body) VALUES ('7f0baf09-10de-4412-8735-a414e9db7121', 'eafde7e8-110a-4aee-9ebe-4c7c35d86f74', '79644650-1d9d-4971-85a5-aa308ecd5dbf', 'Tv step which child.');
INSERT INTO Message (message_id, sender_id, recipient_id, message_body) VALUES ('89011fb5-6ff7-4e72-b0b6-3d05ee14a5f0', '581f6af4-2f44-47a3-801b-e0149ccf7f4c', 'f44a8684-63a8-4188-a0db-e315fbb282a2', 'Such difficult exactly wide.');
INSERT INTO Message (message_id, sender_id, recipient_id, message_body) VALUES ('4ab32581-248b-420e-9b9d-9bfe09a1e25b', 'ee0c60b7-be09-46e5-ae00-eb761a044cfc', '4d2657fe-c696-4c66-8a43-5c1945bfdab0', 'Report safe middle American red store cup.');
INSERT INTO Message (message_id, sender_id, recipient_id, message_body) VALUES ('cd93edb9-b55f-4393-8511-072d50510781', '85dbe46d-d5f4-4fdc-b9d9-7be807df25a8', 'd811d634-257a-491e-9d1b-d2ded9066c2e', 'Lay must indeed hundred decision.');
INSERT INTO Message (message_id, sender_id, recipient_id, message_body) VALUES ('1abfbeec-9a40-44c7-a56d-99fffea57af4', 'bbc3f187-2eb9-408f-b044-d675ffc61637', '33b440a5-796d-42e0-a4d0-435ea5308201', 'Car class water ability agree near list.');
INSERT INTO Message (message_id, sender_id, recipient_id, message_body) VALUES ('ace6b154-f0f0-46ff-aa0e-1093bfcf17a1', '73bd38a3-e70a-45f0-a708-acb49074ce9e', '92d4042d-0686-45b4-8ad8-58cab1915bd7', 'Deal billion few authority film wall together put.');
INSERT INTO Message (message_id, sender_id, recipient_id, message_body) VALUES ('d0c03412-d0b2-492c-ac00-9a63eb86e2f4', '92c2657c-4929-49ad-bc19-eef4998eda29', '851a433d-b164-493e-a00d-83399aaf5a2b', 'Anyone billion off.');
INSERT INTO Message (message_id, sender_id, recipient_id, message_body) VALUES ('417a6779-7b21-44e6-9b0d-069ccbc47e1f', 'f680ddaf-9301-433c-a89a-dc3418017722', 'c2ff18ad-ed5c-4fb0-a0a3-8d550780a289', 'Subject rock station speech modern.');
INSERT INTO Message (message_id, sender_id, recipient_id, message_body) VALUES ('9d8516b7-e544-43ad-9f92-e585b3c61935', '48862db9-1666-427b-ae6f-b832a7e213c2', '7cf7062d-94f4-48d1-9020-2a031e03934e', 'Building either health fear.');
INSERT INTO Message (message_id, sender_id, recipient_id, message_body) VALUES ('a89c7ba8-d231-426b-9a53-6ed3b40a1e61', '64ba6725-a949-49f4-97e6-c6b9d368ead6', '5e638b3e-8fe5-4a40-9f88-31784ff6ef6f', 'Size senior key not notice democratic.');
INSERT INTO Message (message_id, sender_id, recipient_id, message_body) VALUES ('004784ab-758c-4933-9431-c590ea2d70a7', '6a0d6cb9-d9f9-44d7-b075-34c796645be9', 'ff86a7ef-d50b-45e0-aad2-e41daccf5121', 'Power pretty decade during business.');
INSERT INTO Message (message_id, sender_id, recipient_id, message_body) VALUES ('13b9325c-fda9-4c50-9820-e99c45f4bde8', 'bcfd360a-5629-4229-9d78-8b96a0364150', 'b6ae824d-47ec-4a45-aece-9edb8d2f9880', 'Activity maintain address require hand artist.');
INSERT INTO Message (message_id, sender_id, recipient_id, message_body) VALUES ('0aef3c57-17c9-4c48-9539-d76dacf833c1', '6fddd631-9907-4e98-b386-ee289e608b6e', '8455eac7-8bdd-4673-90a8-4f4dfe4f5991', 'Front fire future Mr window bad.');
INSERT INTO Message (message_id, sender_id, recipient_id, message_body) VALUES ('8f1c2d69-e166-4e93-b6cc-2ae66a54ffc4', '90fe5b72-8145-4825-849c-22740d0c2ba2', '85dbe46d-d5f4-4fdc-b9d9-7be807df25a8', 'About sense type these.');
INSERT INTO Message (message_id, sender_id, recipient_id, message_body) VALUES ('462300f5-9282-49c7-8d8e-164346e82350', '54cbbb98-f30d-47f3-bdad-d25212e7323c', '0d33474d-cc99-4c81-904d-33c4b003beda', 'Way pass their investment claim.');
INSERT INTO Message (message_id, sender_id, recipient_id, message_body) VALUES ('be9aaa8c-b60d-4e9a-ae64-36456eed07dd', '46cb8b94-da37-4098-8576-7081f5f22af6', '909fc171-a57d-4f03-ae4b-e78ec82c0efb', 'Someone past analysis the.');
INSERT INTO Message (message_id, sender_id, recipient_id, message_body) VALUES ('4a36a315-429c-4471-ac20-e72376a4322a', '7e32cd22-a22d-40a0-b79d-b58d0a1fbbe5', 'd45ef3ff-e4a5-40e4-97d7-152643d65c16', 'Ball record attack well second answer capital ground.');
INSERT INTO Message (message_id, sender_id, recipient_id, message_body) VALUES ('915c721b-640c-4da1-8a14-e1c5314c7a1e', 'e235e573-e3b1-409b-a2b7-0d210a7fac0d', 'bcfd360a-5629-4229-9d78-8b96a0364150', 'Across system class want.');
INSERT INTO Message (message_id, sender_id, recipient_id, message_body) VALUES ('a93e37c3-812f-48cb-bf5b-bb240720109a', 'da6b8876-bc9c-41ed-879d-90b80d845b3a', '4ffdff9b-aa6b-48f2-bc1e-4a7e59c1b47e', 'Fly attention success age.');
INSERT INTO Message (message_id, sender_id, recipient_id, message_body) VALUES ('8d1ccef6-b86d-4c71-a74c-776ce0440627', '0d33474d-cc99-4c81-904d-33c4b003beda', 'd4b7905b-9da4-495b-befa-4c5603076481', 'Air reduce scene rest.');
INSERT INTO Message (message_id, sender_id, recipient_id, message_body) VALUES ('f4b1af26-4a52-4b9e-9d38-d452fc214b2e', '512a8a41-360a-4802-92fa-a6e48b1e5a53', '687354c3-2514-4c1d-b1e6-1e5a16074f5d', 'Chair investment official both wonder.');
INSERT INTO Message (message_id, sender_id, recipient_id, message_body) VALUES ('c2042821-d5be-4387-b285-7cbc2bf4a9cc', '9d9e8833-fa16-4227-8c7d-dffdfb73dbb7', 'bbc3f187-2eb9-408f-b044-d675ffc61637', 'Small marriage grow as magazine face.');
INSERT INTO Message (message_id, sender_id, recipient_id, message_body) VALUES ('2081cd76-f045-4359-b320-408e363caacb', '830b767e-1974-484a-8e60-4e56cc45a581', 'df16543c-fe8a-4568-bdf1-6accd91b3abf', 'Sign huge here speech.');
INSERT INTO Message (message_id, sender_id, recipient_id, message_body) VALUES ('394aed2a-e0c0-4e9c-9c93-4212012cda67', '633e2f4a-ff23-48f6-bc7e-54791a340205', '56980766-7519-4af8-963b-88e36d87a7bd', 'Pick group tonight.');
INSERT INTO Message (message_id, sender_id, recipient_id, message_body) VALUES ('1f3fc71c-c2e6-42dc-ab4c-7eac053821ae', 'da6b8876-bc9c-41ed-879d-90b80d845b3a', 'e613fa5c-50cc-472e-abde-8c96e7be3a4f', 'Material difference authority but run by card.');
INSERT INTO Message (message_id, sender_id, recipient_id, message_body) VALUES ('4f5289be-81bc-420a-921b-f0715b6dc59d', 'f9f5c1a8-0e2e-4d06-8c6e-7a0afd84193d', '5e638b3e-8fe5-4a40-9f88-31784ff6ef6f', 'She lawyer your easy north mouth.');
INSERT INTO Message (message_id, sender_id, recipient_id, message_body) VALUES ('4610fe22-5a6a-4464-a270-627014448db0', '00e61863-0072-42b6-a1c1-989d24deaa63', '87bb05ad-0630-4c02-a8a2-b86524993cc2', 'All trade dinner.');
INSERT INTO Message (message_id, sender_id, recipient_id, message_body) VALUES ('c9b41c6e-3b89-41a8-9e2a-f36b00af5409', '43b205fc-b4e9-427d-8953-1823fc78bc4f', '512a8a41-360a-4802-92fa-a6e48b1e5a53', 'More strong body.');
INSERT INTO Message (message_id, sender_id, recipient_id, message_body) VALUES ('6d3403d1-3a8b-4f62-9d8e-dbfa426ef044', 'a946980e-2449-4bff-89cb-8fe5efe0b918', '851a433d-b164-493e-a00d-83399aaf5a2b', 'Operation instead other side.');
INSERT INTO Message (message_id, sender_id, recipient_id, message_body) VALUES ('a3a9c7f3-e994-4bc7-a51b-640909fe22da', 'a855119a-2181-40c5-b4c8-ff43705c7c76', 'd811d634-257a-491e-9d1b-d2ded9066c2e', 'Above shoulder carry later.');
INSERT INTO Message (message_id, sender_id, recipient_id, message_body) VALUES ('5dd9f07e-7c5c-482f-a642-f990abcf95c3', '00646799-0345-439e-a50d-a80579b49353', 'a946980e-2449-4bff-89cb-8fe5efe0b918', 'Economic to memory.');
INSERT INTO Message (message_id, sender_id, recipient_id, message_body) VALUES ('36545ebd-eb85-42c7-94f1-e6ffba53c091', '434b03e3-cc66-47f1-96b1-7f30ecfd8377', '366f2739-c10d-4bb1-b389-dcce1960fcf0', 'Name former instead democratic skill.');
INSERT INTO Message (message_id, sender_id, recipient_id, message_body) VALUES ('94d0924f-c93b-4ff8-9504-082ca030cdb7', '73bd38a3-e70a-45f0-a708-acb49074ce9e', '753a662a-8b56-4a9b-86ad-91677ad5c8e3', 'Notice rate under concern floor stand media.');
INSERT INTO Message (message_id, sender_id, recipient_id, message_body) VALUES ('be245c6c-5fac-467e-bd31-4b59ec636ff4', 'd8ffa249-225b-4e33-a24b-a671b3ee54bd', '9d848583-0e57-427e-8ebe-0e81343b5171', 'Reflect sure economic street interesting eight.');
INSERT INTO Message (message_id, sender_id, recipient_id, message_body) VALUES ('0fb6f7ee-6275-4e60-a5b6-346800be2fba', 'f0be8e3e-7f37-4d8b-a259-32dec0eec966', '23ca642f-baa7-4917-b12b-977dcab589c6', 'Law national seven best each entire.');
INSERT INTO Message (message_id, sender_id, recipient_id, message_body) VALUES ('0ca80b82-71e9-4af5-8a55-a4d33fe0c6bb', '0773e5d3-b12e-42aa-9f3d-4d65d879cebb', '29e32e86-2d5b-410c-9aa2-9c766d4b39ed', 'Society situation herself official west school.');
INSERT INTO Message (message_id, sender_id, recipient_id, message_body) VALUES ('d58dac92-3249-4b79-baf0-b6276cc63198', '54cbbb98-f30d-47f3-bdad-d25212e7323c', 'f0be8e3e-7f37-4d8b-a259-32dec0eec966', 'Until them environmental maybe.');
INSERT INTO Message (message_id, sender_id, recipient_id, message_body) VALUES ('f4dec7cc-0bae-492d-8326-bd1fe53f867b', 'b43ebf21-c289-40df-a9d9-7ba4a3faa9a7', 'cf5587d7-ffdc-40f6-8ffe-492f41168dcd', 'Newspaper fall create final choice meeting.');
INSERT INTO Message (message_id, sender_id, recipient_id, message_body) VALUES ('f2f8da59-ada7-4d26-8c73-30cfd12ddb89', 'ecefec55-f3d5-4557-add0-118358a787e7', 'daec18a6-8018-4921-b36e-1a1dd802e4a8', 'Themselves least yourself hand six building.');
INSERT INTO Message (message_id, sender_id, recipient_id, message_body) VALUES ('22aaaca3-785e-476d-b2f7-5484f6944c37', '9d848583-0e57-427e-8ebe-0e81343b5171', '366f2739-c10d-4bb1-b389-dcce1960fcf0', 'Water whole challenge through.');
INSERT INTO Message (message_id, sender_id, recipient_id, message_body) VALUES ('d575bda4-1eca-49b0-9454-c7100fdda75a', '7a03f658-e6f2-4d38-8baa-9d519e5caf8f', '3acce0bc-98a4-4db4-b60d-c6f460a38e8d', 'Rate themselves meeting claim within able know.');
INSERT INTO Message (message_id, sender_id, recipient_id, message_body) VALUES ('861bb49a-1bc5-4497-9966-e6813d71cd52', '633e2f4a-ff23-48f6-bc7e-54791a340205', '2765bcfc-5491-43d4-a499-77d06df32561', 'Market against anyone without produce might every.');
INSERT INTO Message (message_id, sender_id, recipient_id, message_body) VALUES ('9fb3e693-fab8-447a-b2ac-5aa7797c53da', '90fe5b72-8145-4825-849c-22740d0c2ba2', '1ddae8e8-17f2-43b9-bb0f-ab98ca8c9f3d', 'Drive group general place market.');
INSERT INTO Message (message_id, sender_id, recipient_id, message_body) VALUES ('b3c603e4-98df-4652-a92f-325fd820ae38', 'd22befd8-260a-4b5c-b095-3bb932d051c0', '26c323af-7d51-48e7-b0be-a0731bb1d0dd', 'Far campaign yes development state research speech.');
INSERT INTO Message (message_id, sender_id, recipient_id, message_body) VALUES ('85a5b489-d85f-4cf9-abd2-8b9574918bd9', '3ba123df-6396-47f2-a3cb-0d22d459032c', '29cbfe57-ca91-4c8b-ad3e-d6716c5324db', 'Investment case back research.');
INSERT INTO Message (message_id, sender_id, recipient_id, message_body) VALUES ('4cbea391-81e4-405a-8de5-e62ddfd51270', '5f66de6c-bf98-4535-989b-87d1dd561b30', '9551d3cc-d3ce-4622-85b8-64d383c5469d', 'Wall here live business room.');
INSERT INTO Message (message_id, sender_id, recipient_id, message_body) VALUES ('50134c34-04d6-45e9-9604-4b4c7b53d12e', '64d2d537-0458-4adf-a38a-84e4072fe262', '2fa5c0a5-06ee-4b0c-8966-30f52e4848e7', 'Always reveal better final capital morning early.');
INSERT INTO Message (message_id, sender_id, recipient_id, message_body) VALUES ('943111b6-11e9-4605-a820-dacafdf0e264', 'ecefec55-f3d5-4557-add0-118358a787e7', '3ba123df-6396-47f2-a3cb-0d22d459032c', 'Though sing sure scene.');
INSERT INTO Message (message_id, sender_id, recipient_id, message_body) VALUES ('d995e04e-518e-4e6e-bf39-3c6c8f0cf8a3', '67260a4d-f028-4a5d-9d05-7bd7dc76a519', 'ac2730d0-0371-4a8f-bffa-e2c4267d0a42', 'Civil price everyone.');
INSERT INTO Message (message_id, sender_id, recipient_id, message_body) VALUES ('ae65aecf-f6b5-4231-b968-1b46cb5156ac', 'd4b7905b-9da4-495b-befa-4c5603076481', '99f8570b-48d5-4dae-89e3-d3edb5100e08', 'Since seven under soon.');
INSERT INTO Message (message_id, sender_id, recipient_id, message_body) VALUES ('e7537952-f9a0-4a0f-9dab-2897c8ba73b1', 'abb8bfd6-35f5-4151-ba48-d11bb1791ce3', '5f66de6c-bf98-4535-989b-87d1dd561b30', 'Yeah approach daughter color own police know.');
INSERT INTO Message (message_id, sender_id, recipient_id, message_body) VALUES ('20e5ee55-ddc0-4d3c-acb5-7d58c332d557', '9179abad-b552-4a26-ab67-a364a8ed9b56', '581f6af4-2f44-47a3-801b-e0149ccf7f4c', 'When environmental church.');
INSERT INTO Message (message_id, sender_id, recipient_id, message_body) VALUES ('ae2ce215-7813-492f-8f1a-658b7f72f95b', 'e958538b-75f4-4670-b5c5-08e62471a333', 'ff86a7ef-d50b-45e0-aad2-e41daccf5121', 'Bit per high play chance.');
INSERT INTO Message (message_id, sender_id, recipient_id, message_body) VALUES ('68513600-a134-4b8d-bf16-10ef870da515', '29e32e86-2d5b-410c-9aa2-9c766d4b39ed', '57c5c9df-3517-427f-992d-e42fdb346252', 'Military yes such own.');
INSERT INTO Message (message_id, sender_id, recipient_id, message_body) VALUES ('4f7465bd-01c9-4edd-981c-5e447bfd483c', 'c3d558b2-a498-4d88-8a45-e1f77fa1000f', '80f8d936-bdf0-44d8-ad76-5d04ef596fb4', 'Huge point thought.');
INSERT INTO Message (message_id, sender_id, recipient_id, message_body) VALUES ('36efee28-ddb2-4ace-a6ce-86cc1d07cb02', '9cc5504f-b141-431e-a2d0-59f89b017b3e', '90fe5b72-8145-4825-849c-22740d0c2ba2', 'Movie show whole human different.');
INSERT INTO Message (message_id, sender_id, recipient_id, message_body) VALUES ('3dde456f-ab91-4aef-b37f-459b34e8c28a', '85dbe46d-d5f4-4fdc-b9d9-7be807df25a8', '633e2f4a-ff23-48f6-bc7e-54791a340205', 'Learn compare back blue sister.');
INSERT INTO Message (message_id, sender_id, recipient_id, message_body) VALUES ('e9d59668-f4c3-4da9-b015-5c900177dd8f', 'd073b7d9-d6d8-41b1-8989-cf7eb91c55e1', '7e32cd22-a22d-40a0-b79d-b58d0a1fbbe5', 'Give say before past TV concern dinner trip.');
INSERT INTO Message (message_id, sender_id, recipient_id, message_body) VALUES ('7f6dc20a-91af-4984-95b2-6a09ccea2876', 'd073b7d9-d6d8-41b1-8989-cf7eb91c55e1', '478ef557-2f93-49b4-8f89-5e4830981d6a', 'Purpose nice quite once put perhaps fish girl.');
INSERT INTO Message (message_id, sender_id, recipient_id, message_body) VALUES ('e0609066-b727-456c-82c7-a799ead6be34', '40f2621c-975d-4ce1-b453-4a1709729464', '2fc7d0a2-9637-4e1f-951d-c6f65028abd7', 'Military my total list.');
INSERT INTO Message (message_id, sender_id, recipient_id, message_body) VALUES ('0a247b9b-d6f5-460c-a3ef-1d84ca55802b', 'd073b7d9-d6d8-41b1-8989-cf7eb91c55e1', '8c624138-a41b-4c9d-bd76-a4a1a09759e3', 'Cause heart purpose day.');
INSERT INTO Message (message_id, sender_id, recipient_id, message_body) VALUES ('276aaaa2-bc14-4ae1-afec-f372e5d8e7a5', '11888cc0-5bca-43d2-8676-11ee769839f6', '4edbab6b-f666-4cfb-aed5-3412a198dbaa', 'Certainly note hair as stock teach.');
INSERT INTO Message (message_id, sender_id, recipient_id, message_body) VALUES ('441df6a7-e75e-4ab6-8374-24f07a0cc164', '7058bf9b-f9e5-4617-a980-b1ddfae125d6', 'c2ff18ad-ed5c-4fb0-a0a3-8d550780a289', 'Stop possible majority mean look.');
INSERT INTO Message (message_id, sender_id, recipient_id, message_body) VALUES ('55975287-5b22-4beb-916e-72573a4bc2cc', '31591fbd-c64c-4c8f-bc09-2a3b39cf3a1c', 'adb4c34b-d866-4ea8-847a-8c222f951ad2', 'These situation experience prevent model station energy.');
INSERT INTO Message (message_id, sender_id, recipient_id, message_body) VALUES ('beb47854-8285-40c0-a66d-56533beb348a', '39404a89-89a4-4638-9320-a44ec995073e', '56980766-7519-4af8-963b-88e36d87a7bd', 'Style environmental admit spring.');
INSERT INTO Message (message_id, sender_id, recipient_id, message_body) VALUES ('4ecf8238-84f7-4d11-8716-6aaf80d647c4', '909fc171-a57d-4f03-ae4b-e78ec82c0efb', 'fe71be63-e1ec-4efd-bcfa-92d6b90e4e00', 'Road little take daughter ask.');
INSERT INTO Message (message_id, sender_id, recipient_id, message_body) VALUES ('bf212e9c-d60f-4974-a523-25b6f5c60ab3', '6c1369e8-ca5e-4efb-b463-0b802683378b', 'e596a721-0171-4788-aa08-c254651bfd02', 'Food wish meeting may.');
INSERT INTO Message (message_id, sender_id, recipient_id, message_body) VALUES ('3f29dcb9-b201-4c3e-9701-63bf74ffeb08', '561241df-0b36-46bc-bc7b-e6e3aeccc468', 'daec18a6-8018-4921-b36e-1a1dd802e4a8', 'Parent weight man lose day.');
INSERT INTO Message (message_id, sender_id, recipient_id, message_body) VALUES ('72520244-4ef3-4b25-a581-939c682ddde9', '75f874b7-d075-4191-a111-2eda7dbef3df', '9cc5504f-b141-431e-a2d0-59f89b017b3e', 'Far fact may loss record yes consider.');
INSERT INTO Message (message_id, sender_id, recipient_id, message_body) VALUES ('3b63ffce-b86c-4cb5-b5e3-ed3e677775c0', 'e551787c-ea6e-4ce8-89ed-2976949104ad', '366f2739-c10d-4bb1-b389-dcce1960fcf0', 'Wall pay own discover condition treatment.');
INSERT INTO Message (message_id, sender_id, recipient_id, message_body) VALUES ('d6f517e5-150a-4312-931f-9dce5d48cf41', '52aba5d0-2dd6-4865-8002-ca6fd5e36052', '2fbbafda-89af-4871-a2cb-aed5a3fa10ed', 'Seem open learn lose training policy.');
INSERT INTO Message (message_id, sender_id, recipient_id, message_body) VALUES ('633364bc-86a3-44f4-ab15-ff8def01c72d', '600de622-561a-44e2-896b-9c28184ba8a3', 'b5be5ffd-5e58-419f-84be-a90335274fde', 'Well modern ok design.');
INSERT INTO Message (message_id, sender_id, recipient_id, message_body) VALUES ('86993979-fb8b-417b-b7ca-a61f117e5b30', 'd88d296d-5f2b-48a8-9565-e65361d95c59', 'd5b49030-8bde-48ed-92e4-526525be8ae3', 'Step drug within news charge.');
INSERT INTO Message (message_id, sender_id, recipient_id, message_body) VALUES ('a0bc3cd4-ad27-4e1e-a1be-53d5b36332ad', '5ea0ba4c-abb7-4476-8357-520c866565e4', '29e32e86-2d5b-410c-9aa2-9c766d4b39ed', 'Many save city purpose discover hold.');
INSERT INTO Message (message_id, sender_id, recipient_id, message_body) VALUES ('4ff72373-539b-4188-9e1e-833497432559', 'df16543c-fe8a-4568-bdf1-6accd91b3abf', '687354c3-2514-4c1d-b1e6-1e5a16074f5d', 'Project what or claim night score product.');
INSERT INTO Message (message_id, sender_id, recipient_id, message_body) VALUES ('c4723568-2e35-472e-a58c-f116c7465f0b', '851a433d-b164-493e-a00d-83399aaf5a2b', '00e61863-0072-42b6-a1c1-989d24deaa63', 'Nothing next thought those.');
INSERT INTO Message (message_id, sender_id, recipient_id, message_body) VALUES ('a1d0e4a4-41ee-4a45-89b3-ea4e16229b4f', '9a45c66f-7fa8-4440-acbb-4af1d60233c1', 'cf5587d7-ffdc-40f6-8ffe-492f41168dcd', 'International identify catch by.');
INSERT INTO Message (message_id, sender_id, recipient_id, message_body) VALUES ('135e7a86-24ba-4beb-a136-d56f00f934cc', 'abb8bfd6-35f5-4151-ba48-d11bb1791ce3', '4ffdff9b-aa6b-48f2-bc1e-4a7e59c1b47e', 'Store several board artist.');
INSERT INTO Message (message_id, sender_id, recipient_id, message_body) VALUES ('bdb09bc4-5075-44f4-8dda-4fc855506800', '5e638b3e-8fe5-4a40-9f88-31784ff6ef6f', '6c9b52f8-6aba-444e-b2ce-83197967b048', 'Support future morning firm somebody third continue.');
INSERT INTO Message (message_id, sender_id, recipient_id, message_body) VALUES ('65d03e0b-1a74-44fa-9059-50a7ea2e6502', '753a662a-8b56-4a9b-86ad-91677ad5c8e3', '5f66de6c-bf98-4535-989b-87d1dd561b30', 'Certain wall throw outside.');
INSERT INTO Message (message_id, sender_id, recipient_id, message_body) VALUES ('ea767269-a1aa-49fd-9c20-aee5f024cf3b', '070d8c34-2a69-447b-b891-1328acf40e5d', 'e596a721-0171-4788-aa08-c254651bfd02', 'Garden meeting offer mother east face.');
INSERT INTO Message (message_id, sender_id, recipient_id, message_body) VALUES ('ee88eac6-4566-4881-98a0-8367a3236b3e', 'da6b8876-bc9c-41ed-879d-90b80d845b3a', '753a662a-8b56-4a9b-86ad-91677ad5c8e3', 'Apply item movie draw difficult.');
INSERT INTO Message (message_id, sender_id, recipient_id, message_body) VALUES ('e3925b2e-4dde-4a50-b19a-d645e7187cad', '851a433d-b164-493e-a00d-83399aaf5a2b', 'a96e1ba1-0cbb-4296-a30b-f53e7ed600c8', 'Meeting agree begin forget kid.');
INSERT INTO Message (message_id, sender_id, recipient_id, message_body) VALUES ('9b1f3f56-ebfd-43bb-ab92-2fb8fb1f2aed', '2e2feaff-93af-4803-a868-038be911b173', '46cb8b94-da37-4098-8576-7081f5f22af6', 'Number also care back job college career.');
INSERT INTO Message (message_id, sender_id, recipient_id, message_body) VALUES ('506dc6f5-d4cb-457c-aae5-aa6430a7c02b', '434b03e3-cc66-47f1-96b1-7f30ecfd8377', '3583e360-fdb2-4445-8229-0c2a9e393081', 'Yet view force.');
INSERT INTO Message (message_id, sender_id, recipient_id, message_body) VALUES ('16d36900-dd5c-4223-ab62-1bc5fb4b1f4e', '56980766-7519-4af8-963b-88e36d87a7bd', '3c2258ed-0e73-4a7f-a125-3aa20038dec5', 'Else discussion everything type avoid herself.');
INSERT INTO Message (message_id, sender_id, recipient_id, message_body) VALUES ('7d8e19b9-3e2b-4939-9f85-6cd12f6b04b9', '6a0d6cb9-d9f9-44d7-b075-34c796645be9', 'd811d634-257a-491e-9d1b-d2ded9066c2e', 'Live though mention laugh population traditional standard.');
INSERT INTO Message (message_id, sender_id, recipient_id, message_body) VALUES ('c56d5ba5-1c23-4435-adb7-a6915888ffbb', '6fbbbb24-289a-4f03-81f0-290b251367fe', 'a96e1ba1-0cbb-4296-a30b-f53e7ed600c8', 'Loss he join address several perhaps.');
INSERT INTO Message (message_id, sender_id, recipient_id, message_body) VALUES ('d55e6232-53e0-4afc-9ebb-b84ff10d0add', '90fe5b72-8145-4825-849c-22740d0c2ba2', '1c5d95b9-3dfb-4209-a82f-1151fb3c5971', 'Special themselves institution western inside big.');
INSERT INTO Message (message_id, sender_id, recipient_id, message_body) VALUES ('35b41958-1a92-4d32-8846-35d456c4c035', '54cbbb98-f30d-47f3-bdad-d25212e7323c', 'a855119a-2181-40c5-b4c8-ff43705c7c76', 'Check firm us lawyer physical.');
INSERT INTO Message (message_id, sender_id, recipient_id, message_body) VALUES ('4fac52ad-e95a-4f24-8f25-1b5531837867', '31591fbd-c64c-4c8f-bc09-2a3b39cf3a1c', '1646da7a-579d-4bca-b8a1-5a11bbea3914', 'Choose organization type somebody artist cost.');
INSERT INTO Message (message_id, sender_id, recipient_id, message_body) VALUES ('69217cd3-90d6-4964-aaed-32dab912681b', '6c1369e8-ca5e-4efb-b463-0b802683378b', '524b80d9-120a-4ac0-9eef-7a408943a181', 'Serious control security six seat effort.');
INSERT INTO Message (message_id, sender_id, recipient_id, message_body) VALUES ('899d4c00-0e55-4121-a216-b8a9a66f2b84', 'bba7e62e-8404-4107-9a66-f35f1b9ca1da', 'ecefec55-f3d5-4557-add0-118358a787e7', 'Stock north evidence ground agree result music move.');
INSERT INTO Message (message_id, sender_id, recipient_id, message_body) VALUES ('4cb1f2c3-0c55-4da2-8ba7-49f14e1fc901', 'e958538b-75f4-4670-b5c5-08e62471a333', '4d2657fe-c696-4c66-8a43-5c1945bfdab0', 'Find member result hour.');
INSERT INTO Message (message_id, sender_id, recipient_id, message_body) VALUES ('929ebff6-6989-4404-8fa0-366d0babbb4d', '830b767e-1974-484a-8e60-4e56cc45a581', '1646da7a-579d-4bca-b8a1-5a11bbea3914', 'Just increase capital customer.');
INSERT INTO Message (message_id, sender_id, recipient_id, message_body) VALUES ('ee95bf47-d12f-4114-976b-0668965f57f9', 'e596a721-0171-4788-aa08-c254651bfd02', '9cc5504f-b141-431e-a2d0-59f89b017b3e', 'Significant he its staff.');
INSERT INTO Message (message_id, sender_id, recipient_id, message_body) VALUES ('793e8d4e-0e75-4e46-9c03-a68e189c2e35', '46cb8b94-da37-4098-8576-7081f5f22af6', 'e551787c-ea6e-4ce8-89ed-2976949104ad', 'Art less toward recent.');
INSERT INTO Message (message_id, sender_id, recipient_id, message_body) VALUES ('26dc5c78-5f56-41ee-92e7-2e5f7c88dde7', '50a1a9e6-b1fe-4886-b6c7-640b11b66abe', '73bd38a3-e70a-45f0-a708-acb49074ce9e', 'Reach some top son ahead time.');
INSERT INTO Message (message_id, sender_id, recipient_id, message_body) VALUES ('49158962-f39b-4cd4-96f6-6c1967d49a90', '687354c3-2514-4c1d-b1e6-1e5a16074f5d', '7a061410-7f22-4d23-8f1f-a32a43a40c40', 'Concern source star wear fight phone.');
INSERT INTO Message (message_id, sender_id, recipient_id, message_body) VALUES ('9cd890b2-1041-4705-b1e6-3ed722da9b29', '85dbe46d-d5f4-4fdc-b9d9-7be807df25a8', '45cd000f-9a32-4ca1-9cfb-4e3ba97deaab', 'Congress management woman finish field group reason.');
INSERT INTO Message (message_id, sender_id, recipient_id, message_body) VALUES ('39bb75a6-e444-405c-8baa-f17bd998da88', '9190b182-ca9a-4c1f-ba26-3d1534ebbce7', 'd4b7905b-9da4-495b-befa-4c5603076481', 'Stay still sound share role.');
INSERT INTO Message (message_id, sender_id, recipient_id, message_body) VALUES ('49712203-132d-4f0f-8a01-3cf6fa7ac640', '0d31acf9-6f99-4c04-9f11-36f0279ea4ac', '23ca642f-baa7-4917-b12b-977dcab589c6', 'Could shake bag half detail if future.');
INSERT INTO Message (message_id, sender_id, recipient_id, message_body) VALUES ('8489ea42-9848-4e32-b9cd-ab964abe19f6', '2873468a-ffe2-4aff-b043-0c225f16c70f', '9a058fc6-1011-4fd2-8f2c-574a9ab22051', 'Recent likely color push wrong.');
INSERT INTO Message (message_id, sender_id, recipient_id, message_body) VALUES ('3a45f03d-c3dc-4788-8167-74d3deb6b440', 'cebf56ae-f362-442f-8c43-1ac0dacfa071', '50c868f3-e233-4eb9-9ca9-2d6956803a33', 'Loss somebody theory campaign industry rest chance.');
INSERT INTO Message (message_id, sender_id, recipient_id, message_body) VALUES ('04ef62a0-64be-45eb-b26c-5e778a57ca9d', 'b43ebf21-c289-40df-a9d9-7ba4a3faa9a7', '85dbe46d-d5f4-4fdc-b9d9-7be807df25a8', 'Budget me current nor.');
INSERT INTO Message (message_id, sender_id, recipient_id, message_body) VALUES ('ef49c1cb-8b16-4576-88ed-a75897f63726', 'cf5587d7-ffdc-40f6-8ffe-492f41168dcd', 'c2ff18ad-ed5c-4fb0-a0a3-8d550780a289', 'Three always peace.');
INSERT INTO Message (message_id, sender_id, recipient_id, message_body) VALUES ('fa1207ee-8453-4d20-99d6-2adc9100815d', '67260a4d-f028-4a5d-9d05-7bd7dc76a519', '56980766-7519-4af8-963b-88e36d87a7bd', 'Card its have attention follow.');
INSERT INTO Message (message_id, sender_id, recipient_id, message_body) VALUES ('251325e0-1656-4549-bee5-80665370fdf0', '9d9e8833-fa16-4227-8c7d-dffdfb73dbb7', '7a061410-7f22-4d23-8f1f-a32a43a40c40', 'Base color clearly still.');
INSERT INTO Message (message_id, sender_id, recipient_id, message_body) VALUES ('98f660b6-f3fe-4e53-8865-095f5d97d5af', '4d2657fe-c696-4c66-8a43-5c1945bfdab0', 'abb8bfd6-35f5-4151-ba48-d11bb1791ce3', 'Become meet stay operation recently.');
INSERT INTO Message (message_id, sender_id, recipient_id, message_body) VALUES ('a8e11207-cc7c-4e66-8009-b12b924c44ec', '830b767e-1974-484a-8e60-4e56cc45a581', 'fb99d514-f6a1-4702-a88b-a67985a524f0', 'Television possible surface stage my stop data.');
INSERT INTO Message (message_id, sender_id, recipient_id, message_body) VALUES ('91c63c1f-df08-4dd7-8769-c41c55539a25', 'abb8bfd6-35f5-4151-ba48-d11bb1791ce3', 'd073b7d9-d6d8-41b1-8989-cf7eb91c55e1', 'Writer work seem not him.');
INSERT INTO Message (message_id, sender_id, recipient_id, message_body) VALUES ('8d8d8092-5c10-4a6b-b7bd-a7cff209f56e', '7f53a811-cb05-49ef-928e-a62ee7951e49', '54cbbb98-f30d-47f3-bdad-d25212e7323c', 'Memory argue suddenly political loss order.');
INSERT INTO Message (message_id, sender_id, recipient_id, message_body) VALUES ('9e310a12-8c99-4d12-a026-a963f9d5c389', 'c2ff18ad-ed5c-4fb0-a0a3-8d550780a289', '79e1243a-5931-4b4c-aad0-d82fcd97a9cf', 'Game drug option money family democratic.');
INSERT INTO Message (message_id, sender_id, recipient_id, message_body) VALUES ('7cc9417c-ae11-4507-a98c-d78179810ad2', '54255124-fe05-4bde-9906-600391b73c50', '39404a89-89a4-4638-9320-a44ec995073e', 'Boy already within letter.');
INSERT INTO Message (message_id, sender_id, recipient_id, message_body) VALUES ('a4035415-e561-4c57-830c-efe5dc7062f6', '907dfb4d-756d-4838-ad88-7b7c42e9053d', 'f680ddaf-9301-433c-a89a-dc3418017722', 'However born manager.');
INSERT INTO Message (message_id, sender_id, recipient_id, message_body) VALUES ('ba113ae6-11a0-4c5c-8e27-8fc1e69a91e0', '127d7b81-f756-4000-a378-0964e3e20594', 'ecefec55-f3d5-4557-add0-118358a787e7', 'Seven could here after arm again focus.');
INSERT INTO Message (message_id, sender_id, recipient_id, message_body) VALUES ('1510df41-c7d4-42ad-8f7e-4e5ddd47994a', '8c624138-a41b-4c9d-bd76-a4a1a09759e3', 'd88d296d-5f2b-48a8-9565-e65361d95c59', 'Inside military thousand pass responsibility night me.');
INSERT INTO Message (message_id, sender_id, recipient_id, message_body) VALUES ('86163b33-865f-4c7f-8429-268f66fe6e9c', 'fc7d34d5-3ba9-4967-a685-76f37693d1be', '7058bf9b-f9e5-4617-a980-b1ddfae125d6', 'Safe wait image by about.');
INSERT INTO Message (message_id, sender_id, recipient_id, message_body) VALUES ('1100ba9d-25eb-4608-b47e-798fc1d868f5', '1c743f2b-5059-45dd-a4e1-8a54baa23d2d', 'e947c218-92af-4ebd-90e3-0d28225daf18', 'Another visit within camera family.');
INSERT INTO Message (message_id, sender_id, recipient_id, message_body) VALUES ('19e6a899-9f3e-40bc-8107-171bf9d201a9', 'd88d296d-5f2b-48a8-9565-e65361d95c59', '1ddae8e8-17f2-43b9-bb0f-ab98ca8c9f3d', 'Bit agreement claim drive.');
INSERT INTO Message (message_id, sender_id, recipient_id, message_body) VALUES ('4106a670-a967-4987-b90d-b57cf08cb516', '40f2621c-975d-4ce1-b453-4a1709729464', 'cf5587d7-ffdc-40f6-8ffe-492f41168dcd', 'Later collection strategy parent central.');
INSERT INTO Message (message_id, sender_id, recipient_id, message_body) VALUES ('aad9f35b-89ec-47e7-952d-5950a86aa42b', 'acb4d06f-6999-4d2e-beea-cd235acc56cb', '9d9e8833-fa16-4227-8c7d-dffdfb73dbb7', 'Detail these develop do surface travel most.');
INSERT INTO Message (message_id, sender_id, recipient_id, message_body) VALUES ('d18c29fd-6e62-4482-bf38-89c9f2f4f822', '59f89e08-5a42-4c04-8efa-140e15099dd0', 'f0be8e3e-7f37-4d8b-a259-32dec0eec966', 'Break home sense true herself.');
INSERT INTO Message (message_id, sender_id, recipient_id, message_body) VALUES ('4a34b2c6-f082-4368-975b-7fc25a538399', 'bbc3f187-2eb9-408f-b044-d675ffc61637', 'd7d45eda-bdc6-43d5-866f-e9f0a47cd81c', 'Sell story official cause difficult.');
INSERT INTO Message (message_id, sender_id, recipient_id, message_body) VALUES ('0a86cbc9-6e8c-4535-b34a-e22ed004c318', '7f53a811-cb05-49ef-928e-a62ee7951e49', '46cb8b94-da37-4098-8576-7081f5f22af6', 'Quality common price road.');
INSERT INTO Message (message_id, sender_id, recipient_id, message_body) VALUES ('1dd4ece9-75fd-42f9-b999-dcc25adf2e84', '29cbfe57-ca91-4c8b-ad3e-d6716c5324db', '67260a4d-f028-4a5d-9d05-7bd7dc76a519', 'Reflect throw resource factor claim agreement everything area.');
INSERT INTO Message (message_id, sender_id, recipient_id, message_body) VALUES ('feab7f50-9a06-4f57-9f70-bc6838af6e2d', '78b9d7ff-c4e9-498f-9105-737a81b90f4d', 'abb8bfd6-35f5-4151-ba48-d11bb1791ce3', 'Act still industry perform capital second.');
INSERT INTO Message (message_id, sender_id, recipient_id, message_body) VALUES ('19a442f0-052c-48ad-b9c0-4e5ed66f3816', 'e235e573-e3b1-409b-a2b7-0d210a7fac0d', 'ecefec55-f3d5-4557-add0-118358a787e7', 'Development three after.');
INSERT INTO Message (message_id, sender_id, recipient_id, message_body) VALUES ('7af91063-fdc8-417a-84d7-9a51d3e25cbb', '50a1a9e6-b1fe-4886-b6c7-640b11b66abe', '80f8d936-bdf0-44d8-ad76-5d04ef596fb4', 'Necessary every argue.');
INSERT INTO Message (message_id, sender_id, recipient_id, message_body) VALUES ('f4b4bad3-5a9a-4c0a-842b-cb4fa5d7bc6a', '54255124-fe05-4bde-9906-600391b73c50', '92c2657c-4929-49ad-bc19-eef4998eda29', 'We concern politics wonder hundred my model.');
INSERT INTO Message (message_id, sender_id, recipient_id, message_body) VALUES ('ed446808-bbef-4212-9591-aa581ec828e6', '79644650-1d9d-4971-85a5-aa308ecd5dbf', 'daec18a6-8018-4921-b36e-1a1dd802e4a8', 'Budget key sign current.');
INSERT INTO Message (message_id, sender_id, recipient_id, message_body) VALUES ('81dfdc82-a812-4ec2-84d7-0da220c4139b', 'cebf56ae-f362-442f-8c43-1ac0dacfa071', 'f0493b8f-799c-4a0a-8e55-067ce274db47', 'Reach against space price though scene page run.');
INSERT INTO Message (message_id, sender_id, recipient_id, message_body) VALUES ('58a119c0-8495-4f4e-8797-fccc9badbc6f', '96f7cc71-ab17-442d-ba47-8f6d96126505', 'acb4d06f-6999-4d2e-beea-cd235acc56cb', 'Dream theory power west accept.');
INSERT INTO Message (message_id, sender_id, recipient_id, message_body) VALUES ('d75563f9-15db-486b-911f-e56e7bdd9de7', '87bb05ad-0630-4c02-a8a2-b86524993cc2', '50a1a9e6-b1fe-4886-b6c7-640b11b66abe', 'Young writer training later.');
INSERT INTO Message (message_id, sender_id, recipient_id, message_body) VALUES ('ac0a6c65-2705-478a-aaf7-664d0e1873f2', '1b10be3d-1f08-4086-9a40-4611a1cf1d65', '67bb3849-e55d-4f61-820b-b8b10902c5a9', 'Ever leg say authority same computer.');
INSERT INTO Message (message_id, sender_id, recipient_id, message_body) VALUES ('d7110ba1-9f31-4b55-97fe-829e9021477a', 'f9f5c1a8-0e2e-4d06-8c6e-7a0afd84193d', 'd45ef3ff-e4a5-40e4-97d7-152643d65c16', 'Use step animal civil so plant.');
INSERT INTO Message (message_id, sender_id, recipient_id, message_body) VALUES ('68fcc510-2229-4835-9c87-fff7a554d4ff', '92c2657c-4929-49ad-bc19-eef4998eda29', 'a855119a-2181-40c5-b4c8-ff43705c7c76', 'Peace moment involve figure science rich body.');
INSERT INTO Message (message_id, sender_id, recipient_id, message_body) VALUES ('9186294f-08f0-4fd7-a255-9e88b8c23040', 'c91b78f8-f3ac-4032-9d45-ad14eb0aec05', '9cc5504f-b141-431e-a2d0-59f89b017b3e', 'Owner season figure couple couple long lot.');
INSERT INTO Message (message_id, sender_id, recipient_id, message_body) VALUES ('1966fc0d-5ff9-47dc-8ee3-b7ee2749bace', '0c92e872-10d4-4a94-a127-d71a62ef0e1e', 'aa8fc159-a7bf-4d48-a730-4981c7b2e4d6', 'Season movie health who threat real day cost.');
